tag,name,checked,selected
iccv-2019-0,FaceForensics++: Learning to Detect Manipulated Facial Images,0,0
iccv-2019-1,DeepVCP: An End-to-End Deep Neural Network for Point Cloud Registration,0,0
iccv-2019-2,Shape Reconstruction Using Differentiable Projections and Deep Priors,0,0
iccv-2019-3,Fine-Grained Segmentation Networks: Self-Supervised Segmentation for Improved Long-Term Visual Localization,0,0
iccv-2019-4,SANet: Scene Agnostic Network for Camera Localization,0,0
iccv-2019-5,Total Denoising: Unsupervised Learning of 3D Point Cloud Cleaning,0,0
iccv-2019-6,Hierarchical Self-Attention Network for Action Localization in Videos,0,0
iccv-2019-7,Goal-Driven Sequential Data Abstraction,0,0
iccv-2019-8,Jointly Aligning Millions of Images With Deep Penalised Reconstruction Congealing,0,0
iccv-2019-9,Drop to Adapt: Learning Discriminative Features for Unsupervised Domain Adaptation,0,0
iccv-2019-10,NLNL: Negative Learning for Noisy Labels,0,0
iccv-2019-11,"Adversarial Robustness vs. Model Compression, or Both?",0,0
iccv-2019-12,On the Design of Black-Box Adversarial Examples by Leveraging Gradient-Free Optimization and Operator Splitting Method,0,0
iccv-2019-13,DewarpNet: Single-Image Document Unwarping With Stacked 3D and 2D Regression Networks,0,0
iccv-2019-14,Learning Robust Facial Landmark Detection via Hierarchical Structured Ensemble,0,0
iccv-2019-15,Remote Heart Rate Measurement From Highly Compressed Facial Videos: An End-to-End Deep Learning Solution With Video Enhancement,0,0
iccv-2019-16,Face-to-Parameter Translation for Game Character Auto-Creation,0,0
iccv-2019-17,Visual Deprojection: Probabilistic Recovery of Collapsed Dimensions,0,0
iccv-2019-18,StructureFlow: Image Inpainting via Structure-Aware Appearance Flow,0,0
iccv-2019-19,Learning Fixed Points in Generative Adversarial Networks: From Image-to-Image Translation to Disease Detection and Localization,0,0
iccv-2019-20,Generative Adversarial Training for Weakly Supervised Cloud Matting,0,0
iccv-2019-21,PAMTRI: Pose-Aware Multi-Task Learning for Vehicle Re-Identification Using Highly Randomized Synthetic Data,0,0
iccv-2019-22,Generative Adversarial Networks for Extreme Learned Image Compression,0,0
iccv-2019-23,Instance-Guided Context Rendering for Cross-Domain Person Re-Identification,0,0
iccv-2019-24,What Else Can Fool Deep Learning? Addressing Color Constancy Errors on Deep Neural Network Performance,0,0
iccv-2019-25,Beyond Cartesian Representations for Local Descriptors,0,0
iccv-2019-26,Distilling Knowledge From a Deep Pose Regressor Network,0,0
iccv-2019-27,Instance-Level Future Motion Estimation in a Single Image Based on Ordinal Regression,0,0
iccv-2019-28,Vision-Infused Deep Audio Inpainting,0,0
iccv-2019-29,HAWQ: Hessian AWare Quantization of Neural Networks With Mixed-Precision,0,0
iccv-2019-30,Evaluating Robustness of Deep Image Super-Resolution Against Adversarial Attacks,0,0
iccv-2019-31,Overcoming Catastrophic Forgetting With Unlabeled Data in the Wild,0,0
iccv-2019-32,Symmetric Cross Entropy for Robust Learning With Noisy Labels,0,0
iccv-2019-33,Few-Shot Learning With Embedded Class Models and Shot-Free Meta Training,0,0
iccv-2019-34,Dual Directed Capsule Network for Very Low Resolution Image Recognition,0,0
iccv-2019-35,Recognizing Part Attributes With Insufficient Data,0,0
iccv-2019-36,USIP: Unsupervised Stable Interest Point Detection From 3D Point Clouds,0,0
iccv-2019-37,Mixed High-Order Attention Network for Person Re-Identification,0,0
iccv-2019-38,Budget-Aware Adapters for Multi-Domain Learning,0,0
iccv-2019-39,Compact Trilinear Interaction for Visual Question Answering,0,0
iccv-2019-40,Towards Latent Attribute Discovery From Triplet Similarities,0,0
iccv-2019-41,GeoStyle: Discovering Fashion Trends and Events,0,0
iccv-2019-42,Towards Adversarially Robust Object Detection,0,0
iccv-2019-43,Automatic and Robust Skull Registration Based on Discrete Uniformization,0,0
iccv-2019-44,Few-Shot Image Recognition With Knowledge Transfer,0,0
iccv-2019-45,Fine-Grained Action Retrieval Through Multiple Parts-of-Speech Embeddings,0,0
iccv-2019-46,Vehicle Re-Identification in Aerial Imagery: Dataset and Approach,0,0
iccv-2019-47,Bridging the Domain Gap for Ground-to-Aerial Image Matching,0,0
iccv-2019-48,A Robust Learning Approach to Domain Adaptive Object Detection,0,0
iccv-2019-49,Graph-Based Object Classification for Neuromorphic Vision Sensing,0,0
iccv-2019-50,Gaussian YOLOv3: An Accurate and Fast Object Detector Using Localization Uncertainty for Autonomous Driving,0,0
iccv-2019-51,Sharpen Focus: Learning With Attention Separability and Consistency,0,0
iccv-2019-52,Learning Semantic-Specific Graph Representation for Multi-Label Image Recognition,0,0
iccv-2019-53,DeceptionNet: Network-Driven Domain Randomization,0,0
iccv-2019-54,Pose-Guided Feature Alignment for Occluded Person Re-Identification,0,0
iccv-2019-55,Robust Person Re-Identification by Modelling Feature Uncertainty,0,0
iccv-2019-56,Co-Segmentation Inspired Attention Networks for Video-Based Person Re-Identification,0,0
iccv-2019-57,A Delay Metric for Video Object Detection: What Average Precision Fails to Tell,0,0
iccv-2019-58,IL2M: Class Incremental Learning With Dual Memory,0,0
iccv-2019-59,Asymmetric Non-Local Neural Networks for Semantic Segmentation,0,0
iccv-2019-60,CCNet: Criss-Cross Attention for Semantic Segmentation,0,0
iccv-2019-61,Convex Shape Prior for Multi-Object Segmentation Using a Single Level Set Function,0,0
iccv-2019-62,Surface Networks via General Covers,0,0
iccv-2019-63,SSAP: Single-Shot Instance Segmentation With Affinity Pyramid,0,0
iccv-2019-64,Learning Propagation for Arbitrarily-Structured Data,0,0
iccv-2019-65,"MultiSeg: Semantically Meaningful, Scale-Diverse Segmentations From Minimal User Input",0,0
iccv-2019-66,Robust Motion Segmentation From Pairwise Matches,0,0
iccv-2019-67,InstaBoost: Boosting Instance Segmentation via Probability Map Guided Copy-Pasting,0,0
iccv-2019-68,Racial Faces in the Wild: Reducing Racial Bias by Information Maximization Adaptation Network,0,0
iccv-2019-69,Uncertainty Modeling of Contextual-Connections Between Tracklets for Unconstrained Video-Based Face Recognition,0,0
iccv-2019-70,Spatio-Temporal Fusion Based Convolutional Sequence Learning for Lip Reading,0,0
iccv-2019-71,Occlusion-Aware Networks for 3D Human Pose Estimation in Video,0,0
iccv-2019-72,Context-Aware Feature and Label Fusion for Facial Action Unit Intensity Estimation With Partially Labeled Data,0,0
iccv-2019-73,Distill Knowledge From NRSfM for Weakly Supervised 3D Pose Learning,0,0
iccv-2019-74,MONET: Multiview Semi-Supervised Keypoint Detection via Epipolar Divergence,0,0
iccv-2019-75,Talking With Hands 16.2M: A Large-Scale Dataset of Synchronized Body-Finger Motion and Audio for Conversational Motion Analysis and Synthesis,0,0
iccv-2019-76,Occlusion Robust Face Recognition Based on Mask Learning With Pairwise Differential Siamese Network,0,0
iccv-2019-77,Teacher Supervises Students How to Learn From Partially Labeled Images for Facial Landmark Detection,0,0
iccv-2019-78,A2J: Anchor-to-Joint Regression Network for 3D Articulated Pose Estimation From a Single Depth Image,0,0
iccv-2019-79,TexturePose: Supervising Human Mesh Estimation With Texture Consistency,0,0
iccv-2019-80,FreiHAND: A Dataset for Markerless Capture of Hand Pose and Shape From Single RGB Images,0,0
iccv-2019-81,Markerless Outdoor Human Motion Capture Using Multiple Autonomous Micro Aerial Vehicles,0,0
iccv-2019-82,Toyota Smarthome: Real-World Activities of Daily Living,0,0
iccv-2019-83,Relation Parsing Neural Network for Human-Object Interaction Detection,0,0
iccv-2019-84,DistInit: Learning Video Representations Without a Single Labeled Video,0,0
iccv-2019-85,Zero-Shot Anticipation for Instructional Activities,0,0
iccv-2019-86,Making the Invisible Visible: Action Recognition Through Walls and Occlusions,0,0
iccv-2019-87,Recursive Visual Sound Separation Using Minus-Plus Net,0,0
iccv-2019-88,Unsupervised Video Interpolation Using Cycle Consistency,0,0
iccv-2019-89,Deformable Surface Tracking by Graph Matching,0,0
iccv-2019-90,Deep Meta Learning for Real-Time Target-Aware Visual Tracking,0,0
iccv-2019-91,Looking to Relations for Future Trajectory Forecast,0,0
iccv-2019-92,Anchor Diffusion for Unsupervised Video Object Segmentation,0,0
iccv-2019-93,Tracking Without Bells and Whistles,0,0
iccv-2019-94,Perspective-Guided Convolution Networks for Crowd Counting,0,0
iccv-2019-95,End-to-End Wireframe Parsing,0,0
iccv-2019-96,Incremental Class Discovery for Semantic Segmentation With RGBD Sensing,0,0
iccv-2019-97,SSF-DAN: Separated Semantic Feature Based Domain Adaptation Network for Semantic Segmentation,0,0
iccv-2019-98,SpaceNet MVOI: A Multi-View Overhead Imagery Dataset,0,0
iccv-2019-99,Multi-Level Bottom-Top and Top-Bottom Feature Fusion for Crowd Counting,0,0
iccv-2019-100,Learning Lightweight Lane Detection CNNs by Self Attention Distillation,0,0
iccv-2019-101,SplitNet: Sim2Sim and Task2Task Transfer for Embodied Visual Navigation,0,0
iccv-2019-102,Cascaded Parallel Filtering for Memory-Efficient Image-Based Localization,0,0
iccv-2019-103,Pixel2Mesh++: Multi-View 3D Mesh Generation via Deformation,0,0
iccv-2019-104,A Differential Volumetric Approach to Multi-View Photometric Stereo,0,0
iccv-2019-105,Revisiting Radial Distortion Absolute Pose,0,0
iccv-2019-106,Estimating the Fundamental Matrix Without Point Correspondences With Application to Transmission Imaging,0,0
iccv-2019-107,QUARCH: A New Quasi-Affine Reconstruction Stratum From Vague Relative Camera Orientation Knowledge,0,0
iccv-2019-108,Homography From Two Orientation- and Scale-Covariant Features,0,0
iccv-2019-109,Hiding Video in Audio via Reversible Generative Models,0,0
iccv-2019-110,GSLAM: A General SLAM Framework and Benchmark,0,0
iccv-2019-111,Elaborate Monocular Point and Line SLAM With Robust Initialization,0,0
iccv-2019-112,Adaptive Density Map Generation for Crowd Counting,0,0
iccv-2019-113,Attention-Aware Polarity Sensitive Embedding for Affective Image Retrieval,0,0
iccv-2019-114,Zero-Shot Emotion Recognition via Affective Structural Embedding,0,0
iccv-2019-115,FW-GAN: Flow-Navigated Warping GAN for Video Virtual Try-On,0,0
iccv-2019-116,Interactive Sketch & Fill: Multiclass Sketch-to-Image Translation,0,0
iccv-2019-117,Attention-Based Autism Spectrum Disorder Screening With Privileged Modality,0,0
iccv-2019-118,"Image Aesthetic Assessment Based on Pairwise Comparison A Unified Approach to Score Regression, Binary Classification, and Personalization",0,0
iccv-2019-119,Delving Into Robust Object Detection From Unmanned Aerial Vehicles: A Deep Nuisance Disentanglement Approach,0,0
iccv-2019-120,Bit-Flip Attack: Crushing Neural Network With Progressive Bit Search,0,0
iccv-2019-121,Employing Deep Part-Object Relationships for Salient Object Detection,0,0
iccv-2019-122,Self-Supervised Deep Depth Denoising,0,0
iccv-2019-123,Cost-Aware Fine-Grained Recognition for IoTs Based on Sequential Fixations,0,0
iccv-2019-124,Layout-Induced Video Representation for Recognizing Agent-in-Place Actions,0,0
iccv-2019-125,Anomaly Detection in Video Sequence With Appearance-Motion Correspondence,0,0
iccv-2019-126,Exploring Randomly Wired Neural Networks for Image Recognition,0,0
iccv-2019-127,Progressive Differentiable Architecture Search: Bridging the Depth Gap Between Search and Evaluation,0,0
iccv-2019-128,Multinomial Distribution Learning for Effective Neural Architecture Search,0,0
iccv-2019-129,Searching for MobileNetV3,0,0
iccv-2019-130,Data-Free Quantization Through Weight Equalization and Bias Correction,0,0
iccv-2019-131,A Camera That CNNs: Towards Embedded Neural Networks on Pixel Processor Arrays,0,0
iccv-2019-132,Knowledge Distillation via Route Constrained Optimization,0,0
iccv-2019-133,Distillation-Based Training for Multi-Exit Architectures,0,0
iccv-2019-134,Similarity-Preserving Knowledge Distillation,0,0
iccv-2019-135,Many Task Learning With Task Routing,0,0
iccv-2019-136,Stochastic Filter Groups for Multi-Task CNNs: Learning Specialist and Generalist Convolution Kernels,0,0
iccv-2019-137,Transferability and Hardness of Supervised Classification Tasks,0,0
iccv-2019-138,Moment Matching for Multi-Source Domain Adaptation,0,0
iccv-2019-139,Unsupervised Domain Adaptation via Regularized Conditional Alignment,0,0
iccv-2019-140,Larger Norm More Transferable: An Adaptive Feature Norm Approach for Unsupervised Domain Adaptation,0,0
iccv-2019-141,UM-Adapt: Unsupervised Multi-Task Adaptation Using Adversarial Cross-Task Distillation,0,0
iccv-2019-142,Episodic Training for Domain Generalization,0,0
iccv-2019-143,Domain Adaptation for Structured Output via Discriminative Patch Representations,0,0
iccv-2019-144,Semi-Supervised Learning by Augmented Distribution Alignment,0,0
iccv-2019-145,S4L: Self-Supervised Semi-Supervised Learning,0,0
iccv-2019-146,Privacy Preserving Image Queries for Camera Localization,0,0
iccv-2019-147,Calibration Wizard: A Guidance System for Camera Calibration Based on Modelling Geometric and Corner Uncertainty,0,0
iccv-2019-148,Gated2Depth: Real-Time Dense Lidar From Gated Images,0,0
iccv-2019-149,X-Section: Cross-Section Prediction for Enhanced RGB-D Fusion,0,0
iccv-2019-150,Learning an Event Sequence Embedding for Dense Event-Based Deep Stereo,0,0
iccv-2019-151,Point-Based Multi-View Stereo Network,0,0
iccv-2019-152,Discrete Laplace Operator Estimation for Dynamic 3D Reconstruction,0,0
iccv-2019-153,Deep Non-Rigid Structure From Motion,0,0
iccv-2019-154,Equivariant Multi-View Networks,0,0
iccv-2019-155,Interpolated Convolutional Networks for 3D Point Cloud Understanding,0,0
iccv-2019-156,Revisiting Point Cloud Classification: A New Benchmark Dataset and Classification Model on Real-World Data,0,0
iccv-2019-157,PointCloud Saliency Maps,0,0
iccv-2019-158,ShellNet: Efficient Point Cloud Convolutional Neural Networks Using Concentric Shells Statistics,0,0
iccv-2019-159,Unsupervised Deep Learning for Structured Shape Matching,0,0
iccv-2019-160,Linearly Converging Quasi Branch and Bound Algorithms for Global Rigid Registration,0,0
iccv-2019-161,Consensus Maximization Tree Search Revisited,0,0
iccv-2019-162,Quasi-Globally Optimal and Efficient Vanishing Point Estimation in Manhattan World,0,0
iccv-2019-163,An Efficient Solution to the Homography-Based Relative Pose Problem With a Common Reference Direction,0,0
iccv-2019-164,A Quaternion-Based Certifiably Optimal Solution to the Wahba Problem With Outliers,0,0
iccv-2019-165,PLMP - Point-Line Minimal Problems in Complete Multi-View Visibility,0,0
iccv-2019-166,Variational Few-Shot Learning,0,0
iccv-2019-167,Generative Adversarial Minority Oversampling,0,0
iccv-2019-168,Memorizing Normality to Detect Anomaly: Memory-Augmented Deep Autoencoder for Unsupervised Anomaly Detection,0,0
iccv-2019-169,Topological Map Extraction From Overhead Images,0,0
iccv-2019-170,Exploiting Temporal Consistency for Real-Time Video Depth Estimation,0,0
iccv-2019-171,The Sound of Motions,0,0
iccv-2019-172,SC-FEGAN: Face Editing Generative Adversarial Network With User's Sketch and Color,0,0
iccv-2019-173,Exploring Overall Contextual Information for Image Captioning in Human-Like Cognitive Style,0,0
iccv-2019-174,Order-Aware Generative Modeling Using the 3D-Craft Dataset,0,0
iccv-2019-175,Crowd Counting With Deep Structured Scale Integration Network,0,0
iccv-2019-176,Bidirectional One-Shot Unsupervised Domain Mapping,0,0
iccv-2019-177,Evolving Space-Time Neural Architectures for Videos,0,0
iccv-2019-178,Universally Slimmable Networks and Improved Training Techniques,0,0
iccv-2019-179,AutoDispNet: Improving Disparity Estimation With AutoML,0,0
iccv-2019-180,Deep Meta Functionals for Shape Representation,0,0
iccv-2019-181,Differentiable Kernel Evolution,0,0
iccv-2019-182,Batch Weight for Domain Adaptation With Mass Shift,0,0
iccv-2019-183,SRM: A Style-Based Recalibration Module for Convolutional Neural Networks,0,0
iccv-2019-184,Switchable Whitening for Deep Representation Learning,0,0
iccv-2019-185,Adaptative Inference Cost With Convolutional Neural Mixture Models,0,0
iccv-2019-186,On Network Design Spaces for Visual Recognition,0,0
iccv-2019-187,Improved Techniques for Training Adaptive Deep Networks,0,0
iccv-2019-188,Resource Constrained Neural Network Architecture Search: Will a Submodularity Assumption Help?,0,0
iccv-2019-189,ACNet: Strengthening the Kernel Skeletons for Powerful CNN via Asymmetric Convolution Blocks,0,0
iccv-2019-190,A Comprehensive Overhaul of Feature Distillation,0,0
iccv-2019-191,Transferable Semi-Supervised 3D Object Detection From RGB-D Data,0,0
iccv-2019-192,DPOD: 6D Pose Object Detector and Refiner,0,0
iccv-2019-193,STD: Sparse-to-Dense 3D Object Detector for Point Cloud,0,0
iccv-2019-194,DUP-Net: Denoiser and Upsampler Network for 3D Adversarial Point Clouds Defense,0,0
iccv-2019-195,Learning Rich Features at High-Speed for Single-Shot Object Detection,0,0
iccv-2019-196,Detecting Unseen Visual Relations Using Analogies,0,0
iccv-2019-197,Disentangling Monocular 3D Object Detection,0,0
iccv-2019-198,STM: SpatioTemporal and Motion Encoding for Action Recognition,0,0
iccv-2019-199,Dynamic Context Correspondence Network for Semantic Alignment,0,0
iccv-2019-200,Fooling Network Interpretation in Image Classification,0,0
iccv-2019-201,Unconstrained Foreground Object Search,0,0
iccv-2019-202,Embodied Amodal Recognition: Learning to Move to Perceive Objects,0,0
iccv-2019-203,SpatialSense: An Adversarially Crowdsourced Benchmark for Spatial Relation Recognition,0,0
iccv-2019-204,TensorMask: A Foundation for Dense Object Segmentation,0,0
iccv-2019-205,Integral Object Mining via Online Attention Accumulation,0,0
iccv-2019-206,Accelerated Gravitational Point Set Alignment With Altered Physical Laws,0,0
iccv-2019-207,Domain Adaptation for Semantic Segmentation With Maximum Squares Loss,0,0
iccv-2019-208,Domain Randomization and Pyramid Consistency: Simulation-to-Real Generalization Without Accessing Target Domain Data,0,0
iccv-2019-209,Semi-Supervised Skin Detection by Network With Mutual Guidance,0,0
iccv-2019-210,ACE: Adapting to Changing Environments for Semantic Segmentation,0,0
iccv-2019-211,Efficient Segmentation: Learning Downsampling Near Semantic Boundaries,0,0
iccv-2019-212,Recurrent U-Net for Resource-Constrained Segmentation,0,0
iccv-2019-213,Detecting the Unexpected via Image Resynthesis,0,0
iccv-2019-214,Self-Supervised Monocular Depth Hints,0,0
iccv-2019-215,3D Scene Reconstruction With Multi-Layer Depth and Epipolar Transformers,0,0
iccv-2019-216,How Do Neural Networks See Depth in Single Images?,0,0
iccv-2019-217,On Boosting Single-Frame 3D Human Pose Estimation via Monocular Videos,0,0
iccv-2019-218,Canonical Surface Mapping via Geometric Cycle Consistency,0,0
iccv-2019-219,GP2C: Geometric Projection Parameter Consensus for Joint 3D Pose and Focal Length Estimation in the Wild,0,0
iccv-2019-220,Moulding Humans: Non-Parametric 3D Human Shape Estimation From Single Images,0,0
iccv-2019-221,3DPeople: Modeling the Geometry of Dressed Humans,0,0
iccv-2019-222,Learning to Reconstruct 3D Human Pose and Shape via Model-Fitting in the Loop,0,0
iccv-2019-223,Optimizing Network Structure for 3D Human Pose Estimation,0,0
iccv-2019-224,Exploiting Spatial-Temporal Relationships for 3D Pose Estimation via Graph Convolutional Networks,0,0
iccv-2019-225,Resolving 3D Human Pose Ambiguities With 3D Scene Constraints,0,0
iccv-2019-226,Tex2Shape: Detailed Full Human Body Geometry From a Single Image,0,0
iccv-2019-227,PIFu: Pixel-Aligned Implicit Function for High-Resolution Clothed Human Digitization,0,0
iccv-2019-228,DF2Net: A Dense-Fine-Finer Network for Detailed 3D Face Reconstruction,0,0
iccv-2019-229,Monocular 3D Human Pose Estimation by Generation and Ordinal Ranking,0,0
iccv-2019-230,Aligning Latent Spaces for 3D Hand Pose Estimation,0,0
iccv-2019-231,HEMlets Pose: Learning Part-Centric Heatmap Triplets for Accurate 3D Human Pose Estimation,0,0
iccv-2019-232,End-to-End Hand Mesh Recovery From a Monocular RGB Image,0,0
iccv-2019-233,Robust Multi-Modality Multi-Object Tracking,0,0
iccv-2019-234,The Trajectron: Probabilistic Multi-Agent Trajectory Modeling With Dynamic Spatiotemporal Graphs,0,0
iccv-2019-235,'Skimming-Perusal' Tracking: A Framework for Real-Time and Robust Long-Term Tracking,0,0
iccv-2019-236,TASED-Net: Temporally-Aggregating Spatial Encoder-Decoder Network for Video Saliency Detection,0,0
iccv-2019-237,Attacking Optical Flow,0,0
iccv-2019-238,Pro-Cam SSfM: Projector-Camera System for Structure and Spectral Reflectance From Motion,0,0
iccv-2019-239,Mop Moire Patterns Using MopNet,0,0
iccv-2019-240,Kernel Modeling Super-Resolution on Real Low-Resolution Images,0,0
iccv-2019-241,Learning to Jointly Generate and Separate Reflections,0,0
iccv-2019-242,Deep Multi-Model Fusion for Single-Image Dehazing,0,0
iccv-2019-243,Deep Learning for Seeing Through Window With Raindrops,0,0
iccv-2019-244,Mask-ShadowGAN: Learning to Remove Shadows From Unpaired Data,0,0
iccv-2019-245,Spatio-Temporal Filter Adaptive Network for Video Deblurring,0,0
iccv-2019-246,Learning Deep Priors for Image Dehazing,0,0
iccv-2019-247,JPEG Artifacts Reduction via Deep Convolutional Sparse Coding,0,0
iccv-2019-248,Self-Guided Network for Fast Image Denoising,0,0
iccv-2019-249,Non-Local Intrinsic Decomposition With Near-Infrared Priors,0,0
iccv-2019-250,"VideoMem: Constructing, Analyzing, Predicting Short-Term and Long-Term Video Memorability",0,0
iccv-2019-251,Rescan: Inductive Instance Segmentation for Indoor RGBD Scans,0,0
iccv-2019-252,End-to-End CAD Model Retrieval and 9DoF Alignment in 3D Scans,0,0
iccv-2019-253,Making History Matter: History-Advantage Sequence Training for Visual Dialog,0,0
iccv-2019-254,Stochastic Attraction-Repulsion Embedding for Large Scale Image Localization,0,0
iccv-2019-255,Scene Graph Prediction With Limited Labels,0,0
iccv-2019-256,Taking a HINT: Leveraging Explanations to Make Vision and Language Models More Grounded,0,0
iccv-2019-257,Align2Ground: Weakly Supervised Phrase Grounding Guided by Image-Caption Alignment,0,0
iccv-2019-258,Adaptive Reconstruction Network for Weakly Supervised Referring Expression Grounding,0,0
iccv-2019-259,Hierarchy Parsing for Image Captioning,0,0
iccv-2019-260,HowTo100M: Learning a Text-Video Embedding by Watching Hundred Million Narrated Video Clips,0,0
iccv-2019-261,Controllable Video Captioning With POS Sequence Guidance Based on Gated Fusion Network,0,0
iccv-2019-262,Multi-View Stereo by Temporal Nonparametric Fusion,0,0
iccv-2019-263,Floor-SP: Inverse CAD for Floorplans by Sequential Room-Wise Shortest Path,0,0
iccv-2019-264,Polarimetric Relative Pose Estimation,0,0
iccv-2019-265,Closed-Form Optimal Two-View Triangulation Based on Angular Errors,0,0
iccv-2019-266,Pix2Vox: Context-Aware 3D Reconstruction From Single and Multi-View Images,0,0
iccv-2019-267,Unsupervised Robust Disentangling of Latent Characteristics for Image Synthesis,0,0
iccv-2019-268,SROBB: Targeted Perceptual Loss for Single Image Super-Resolution,0,0
iccv-2019-269,An Internal Learning Approach to Video Inpainting,0,0
iccv-2019-270,Deep CG2Real: Synthetic-to-Real Translation via Image Disentanglement,0,0
iccv-2019-271,Adversarial Defense via Learning to Generate Diverse Attacks,0,0
iccv-2019-272,Image Generation From Small Datasets via Batch Statistics Adaptation,0,0
iccv-2019-273,Lifelong GAN: Continual Learning for Conditional Image Generation,0,0
iccv-2019-274,Bayesian Relational Memory for Semantic Visual Navigation,0,0
iccv-2019-275,Mono-SF: Multi-View Geometry Meets Single-View Depth for Monocular Scene Flow Estimation of Dynamic Traffic Scenes,0,0
iccv-2019-276,Prior Guided Dropout for Robust Visual Localization in Dynamic Environments,0,0
iccv-2019-277,Drive&Act: A Multi-Modal Dataset for Fine-Grained Driver Behavior Recognition in Autonomous Vehicles,0,0
iccv-2019-278,Depth Completion From Sparse LiDAR Data With Depth-Normal Constraints,0,0
iccv-2019-279,PRECOG: PREdiction Conditioned on Goals in Visual Multi-Agent Settings,0,0
iccv-2019-280,LPD-Net: 3D Point Cloud Learning for Large-Scale Place Recognition and Environment Analysis,0,0
iccv-2019-281,Local Supports Global: Deep Camera Relocalization With Sequence Enhancement,0,0
iccv-2019-282,Sequential Adversarial Learning for Self-Supervised Deep Visual Odometry,0,0
iccv-2019-283,TextPlace: Visual Place Recognition and Topological Localization Through Reading Scene Texts,0,0
iccv-2019-284,CamNet: Coarse-to-Fine Retrieval for Camera Re-Localization,0,0
iccv-2019-285,Situational Fusion of Visual Representation for Visual Navigation,0,0
iccv-2019-286,Learning Aberrance Repressed Correlation Filters for Real-Time UAV Tracking,0,0
iccv-2019-287,6-DOF GraspNet: Variational Grasp Generation for Object Manipulation,0,0
iccv-2019-288,DAGMapper: Learning to Map by Discovering Lane Topology,0,0
iccv-2019-289,3D-LaneNet: End-to-End 3D Multiple Lane Detection,0,0
iccv-2019-290,Once a MAN: Towards Multi-Target Attack via Learning Multi-Target Adversarial Network Once,0,0
iccv-2019-291,Attention Bridging Network for Knowledge Transfer,0,0
iccv-2019-292,Recover and Identify: A Generative Dual Model for Cross-Resolution Person Re-Identification,0,0
iccv-2019-293,Aggregation via Separation: Boosting Facial Landmark Detector With Semi-Supervised Style Translation,0,0
iccv-2019-294,3D-RelNet: Joint Object and Relational Network for 3D Prediction,0,0
iccv-2019-295,Sampling-Free Epistemic Uncertainty Estimation Using Approximated Variance Propagation,0,0
iccv-2019-296,Universal Adversarial Perturbation via Prior Driven Uncertainty Approximation,0,0
iccv-2019-297,Understanding Deep Networks via Extremal Perturbations and Smooth Masks,0,0
iccv-2019-298,Unsupervised Pre-Training of Image Features on Non-Curated Data,0,0
iccv-2019-299,Learning Local Descriptors With a CDF-Based Dynamic Soft Margin,0,0
iccv-2019-300,Bayes-Factor-VAE: Hierarchical Bayesian Deep Auto-Encoder Models for Factor Disentanglement,0,0
iccv-2019-301,Linearized Multi-Sampling for Differentiable Image Transformation,0,0
iccv-2019-302,AdaTransform: Adaptive Data Transformation,0,0
iccv-2019-303,CARAFE: Content-Aware ReAssembly of FEatures,0,0
iccv-2019-304,AFD-Net: Aggregated Feature Difference Learning for Cross-Spectral Image Patch Matching,0,0
iccv-2019-305,Deep Joint-Semantics Reconstructing Hashing for Large-Scale Unsupervised Cross-Modal Retrieval,0,0
iccv-2019-306,Unsupervised Neural Quantization for Compressed-Domain Similarity Search,0,0
iccv-2019-307,Siamese Networks: The Tale of Two Manifolds,0,0
iccv-2019-308,Learning Combinatorial Embedding Networks for Deep Graph Matching,0,0
iccv-2019-309,Fashion Retrieval via Graph Reasoning Networks on a Similarity Pyramid,0,0
iccv-2019-310,Wavelet Domain Style Transfer for an Effective Perception-Distortion Tradeoff in Single Image Super-Resolution,0,0
iccv-2019-311,Toward Real-World Single Image Super-Resolution: A New Benchmark and a New Model,0,0
iccv-2019-312,RankSRGAN: Generative Adversarial Networks With Ranker for Image Super-Resolution,0,0
iccv-2019-313,Progressive Fusion Video Super-Resolution Network via Exploiting Non-Local Spatio-Temporal Correlations,0,0
iccv-2019-314,Deep SR-ITM: Joint Learning of Super-Resolution and Inverse Tone-Mapping for 4K UHD HDR Applications,0,0
iccv-2019-315,Dynamic PET Image Reconstruction Using Nonnegative Matrix Factorization Incorporated With Deep Image Prior,0,0
iccv-2019-316,DSIC: Deep Stereo Image Compression,0,0
iccv-2019-317,Variable Rate Deep Image Compression With a Conditional Autoencoder,0,0
iccv-2019-318,Real Image Denoising With Feature Attention,0,0
iccv-2019-319,Noise Flow: Noise Modeling With Conditional Normalizing Flows,0,0
iccv-2019-320,Bottleneck Potentials in Markov Random Fields,0,0
iccv-2019-321,Seeing Motion in the Dark,0,0
iccv-2019-322,SENSE: A Shared Encoder Network for Scene-Flow Estimation,0,0
iccv-2019-323,Adversarial Feedback Loop,0,0
iccv-2019-324,Dynamic-Net: Tuning the Objective Without Re-Training for Synthesis Tasks,0,0
iccv-2019-325,AutoGAN: Neural Architecture Search for Generative Adversarial Networks,0,0
iccv-2019-326,Co-Evolutionary Compression for Unpaired Image Translation,0,0
iccv-2019-327,Self-Supervised Representation Learning From Multi-Domain Data,0,0
iccv-2019-328,Controlling Neural Networks via Energy Dissipation,0,0
iccv-2019-329,Indices Matter: Learning to Index for Deep Image Matting,0,0
iccv-2019-330,LAP-Net: Level-Aware Progressive Network for Image Dehazing,0,0
iccv-2019-331,Attention Augmented Convolutional Networks,0,0
iccv-2019-332,MetaPruning: Meta Learning for Automatic Neural Network Channel Pruning,0,0
iccv-2019-333,Accelerate CNN via Recursive Bayesian Pruning,0,0
iccv-2019-334,HBONet: Harmonious Bottleneck on Two Orthogonal Dimensions,0,0
iccv-2019-335,O2U-Net: A Simple Noisy Label Detection Approach for Deep Neural Networks,0,0
iccv-2019-336,Continual Learning by Asymmetric Loss Approximation With Single-Side Overestimation,0,0
iccv-2019-337,Label-PEnet: Sequential Label Propagation and Enhancement Networks for Weakly Supervised Instance Segmentation,0,0
iccv-2019-338,LIP: Local Importance-Based Pooling,0,0
iccv-2019-339,Global Feature Guided Local Pooling,0,0
iccv-2019-340,Conditional Coupled Generative Adversarial Networks for Zero-Shot Domain Adaptation,0,0
iccv-2019-341,Adversarial Defense by Restricting the Hidden Space of Deep Neural Networks,0,0
iccv-2019-342,Hyperpixel Flow: Semantic Correspondence With Multi-Layer Neural Features,0,0
iccv-2019-343,Information Entropy Based Feature Pooling for Convolutional Neural Networks,0,0
iccv-2019-344,Patchwork: A Patch-Wise Attention Network for Efficient Object Detection and Segmentation in Video Streams,0,0
iccv-2019-345,AttentionRNN: A Structured Spatial Attention Mechanism,0,0
iccv-2019-346,Drop an Octave: Reducing Spatial Redundancy in Convolutional Neural Networks With Octave Convolution,0,0
iccv-2019-347,Domain Intersection and Domain Difference,0,0
iccv-2019-348,Learned Video Compression,0,0
iccv-2019-349,Local Relation Networks for Image Recognition,0,0
iccv-2019-350,DiscoNet: Shapes Learning on Disconnected Manifolds for 3D Editing,0,0
iccv-2019-351,Deep Residual Learning in the JPEG Transform Domain,0,0
iccv-2019-352,Approximated Bilinear Modules for Temporal Modeling,0,0
iccv-2019-353,Customizing Student Networks From Heterogeneous Teachers via Adaptive Knowledge Amalgamation,0,0
iccv-2019-354,Data-Free Learning of Student Networks,0,0
iccv-2019-355,Deep Closest Point: Learning Representations for Point Cloud Registration,0,0
iccv-2019-356,Orientation-Aware Semantic Segmentation on Icosahedron Spheres,0,0
iccv-2019-357,Differentiable Learning-to-Group Channels via Groupable Convolutional Neural Networks,0,0
iccv-2019-358,HarDNet: A Low Memory Traffic Network,0,0
iccv-2019-359,Dynamic Multi-Scale Filters for Semantic Segmentation,0,0
iccv-2019-360,Online Model Distillation for Efficient Video Inference,0,0
iccv-2019-361,Rethinking Zero-Shot Learning: A Conditional Visual Classification Perspective,0,0
iccv-2019-362,Task-Driven Modular Networks for Zero-Shot Compositional Learning,0,0
iccv-2019-363,Transductive Episodic-Wise Adaptive Metric for Few-Shot Learning,0,0
iccv-2019-364,Deep Multiple-Attribute-Perceived Network for Real-World Texture Recognition,0,0
iccv-2019-365,RGB-Infrared Cross-Modality Person Re-Identification via Joint Pixel and Feature Alignment,0,0
iccv-2019-366,EvalNorm: Estimating Batch Normalization Statistics for Evaluation,0,0
iccv-2019-367,Beyond Human Parts: Dual Part-Aligned Representations for Person Re-Identification,0,0
iccv-2019-368,Person Search by Text Attribute Query As Zero-Shot Learning,0,0
iccv-2019-369,Semantic-Aware Knowledge Preservation for Zero-Shot Sketch-Based Image Retrieval,0,0
iccv-2019-370,Active Learning for Deep Detection Neural Networks,0,0
iccv-2019-371,One-Shot Neural Architecture Search via Self-Evaluated Template Network,0,0
iccv-2019-372,Batch DropBlock Network for Person Re-Identification and Beyond,0,0
iccv-2019-373,Omni-Scale Feature Learning for Person Re-Identification,0,0
iccv-2019-374,Be Your Own Teacher: Improve the Performance of Convolutional Neural Networks via Self Distillation,0,0
iccv-2019-375,Diversity With Cooperation: Ensemble Methods for Few-Shot Classification,0,0
iccv-2019-376,Enhancing 2D Representation via Adjacent Views for 3D Shape Retrieval,0,0
iccv-2019-377,Adversarial Fine-Grained Composition Learning for Unseen Attribute-Object Recognition,0,0
iccv-2019-378,Auto-ReID: Searching for a Part-Aware ConvNet for Person Re-Identification,0,0
iccv-2019-379,Second-Order Non-Local Attention Networks for Person Re-Identification,0,0
iccv-2019-380,Fast Computation of Content-Sensitive Superpixels and Supervoxels Using Q-Distances,0,0
iccv-2019-381,"Progressive-X: Efficient, Anytime, Multi-Model Fitting Algorithm",0,0
iccv-2019-382,Structured Modeling of Joint Deep Feature and Prediction Refinement for Salient Object Detection,0,0
iccv-2019-383,Selectivity or Invariance: Boundary-Aware Salient Object Detection,0,0
iccv-2019-384,Online Unsupervised Learning of the 3D Kinematic Structure of Arbitrary Rigid Bodies,0,0
iccv-2019-385,Few-Shot Generalization for Single-Image 3D Reconstruction via Priors,0,0
iccv-2019-386,Digging Into Self-Supervised Monocular Depth Estimation,0,0
iccv-2019-387,Learning Object-Specific Distance From a Monocular Image,0,0
iccv-2019-388,Unsupervised 3D Reconstruction Networks,0,0
iccv-2019-389,3D Point Cloud Generative Adversarial Network Based on Tree Structured Graph Convolutions,0,0
iccv-2019-390,Visualization of Convolutional Neural Networks for Monocular Depth Estimation,0,0
iccv-2019-391,Co-Separating Sounds of Visual Objects,0,0
iccv-2019-392,BMN: Boundary-Matching Network for Temporal Action Proposal Generation,0,0
iccv-2019-393,Weakly Supervised Temporal Action Localization Through Contrast Based Evaluation Networks,0,0
iccv-2019-394,Progressive Sparse Local Attention for Video Object Detection,0,0
iccv-2019-395,Reasoning About Human-Object Interactions Through Dual Attention Networks,0,0
iccv-2019-396,DMM-Net: Differentiable Mask-Matching Network for Video Object Segmentation,0,0
iccv-2019-397,Asymmetric Cross-Guided Attention Network for Actor and Action Video Segmentation From Natural Language Query,0,0
iccv-2019-398,AGSS-VOS: Attention Guided Single-Shot Video Object Segmentation,0,0
iccv-2019-399,Global-Local Temporal Representations for Video Person Re-Identification,0,0
iccv-2019-400,AdvIT: Adversarial Frames Identifier Based on Temporal Consistency in Videos,0,0
iccv-2019-401,RANet: Ranking Attention Network for Fast Video Object Segmentation,0,0
iccv-2019-402,Spatial-Temporal Relation Networks for Multi-Object Tracking,0,0
iccv-2019-403,Bridging the Gap Between Detection and Tracking: A Unified Approach,0,0
iccv-2019-404,Learning the Model Update for Siamese Trackers,0,0
iccv-2019-405,Fast-deepKCF Without Boundary Effect,0,0
iccv-2019-406,Program-Guided Image Manipulators,0,0
iccv-2019-407,Calibration of Axial Fisheye Cameras Through Generic Virtual Central Models,0,0
iccv-2019-408,Micro-Baseline Structured Light,0,0
iccv-2019-409,l-Net: Reconstruct Hyperspectral Images From a Snapshot Measurement,0,0
iccv-2019-410,Deep Depth From Aberration Map,0,0
iccv-2019-411,A Dataset of Multi-Illumination Images in the Wild,0,0
iccv-2019-412,Monocular Neural Image Based Rendering With Continuous View Control,0,0
iccv-2019-413,Multi-View Image Fusion,0,0
iccv-2019-414,Enhancing Low Light Videos by Exploring High Sensitivity Camera Noise,0,0
iccv-2019-415,Deep Restoration of Vintage Photographs From Scanned Halftone Prints,0,0
iccv-2019-416,Context-Aware Image Matting for Simultaneous Foreground and Alpha Estimation,0,0
iccv-2019-417,CFSNet: Toward a Controllable Feature Space for Image Restoration,0,0
iccv-2019-418,Deep Blind Hyperspectral Image Fusion,0,0
iccv-2019-419,Fully Convolutional Pixel Adaptive Image Denoiser,0,0
iccv-2019-420,Coherent Semantic Attention for Image Inpainting,0,0
iccv-2019-421,Embedded Block Residual Network: A Recursive Restoration Model for Single-Image Super-Resolution,0,0
iccv-2019-422,Fast Image Restoration With Multi-Bin Trainable Linear Units,0,0
iccv-2019-423,Counting With Focus for Free,0,0
iccv-2019-424,SynDeMo: Synergistic Deep Feature Alignment for Joint Learning of Depth and Ego-Motion,0,0
iccv-2019-425,Diverse Image Synthesis From Semantic Layouts via Conditional IMLE,0,0
iccv-2019-426,Towards Bridging Semantic Gap to Improve Semantic Segmentation,0,0
iccv-2019-427,Generating Diverse and Descriptive Image Captions Using Visual Paraphrases,0,0
iccv-2019-428,Learning to Collocate Neural Modules for Image Captioning,0,0
iccv-2019-429,Sequential Latent Spaces for Modeling the Intention During Diverse Image Captioning,0,0
iccv-2019-430,Why Does a Visual Question Have Different Answers?,0,0
iccv-2019-431,G3raphGround: Graph-Based Language Grounding,0,0
iccv-2019-432,Scene Text Visual Question Answering,0,0
iccv-2019-433,Unsupervised Collaborative Learning of Keyframe Detection and Visual Odometry Towards Monocular Deep SLAM,0,0
iccv-2019-434,MVSCRF: Learning Multi-View Stereo With Conditional Random Fields,0,0
iccv-2019-435,Neural-Guided RANSAC: Learning Where to Sample Model Hypotheses,0,0
iccv-2019-436,Efficient Learning on Point Clouds With Basis Point Sets,0,0
iccv-2019-437,Cross View Fusion for 3D Human Pose Estimation,0,0
iccv-2019-438,Shape-Aware Human Pose and Shape Reconstruction Using Multi-View Images,0,0
iccv-2019-439,Monocular Piecewise Depth Estimation in Dynamic Scenes by Exploiting Superpixel Relations,0,0
iccv-2019-440,Is This the Right Place? Geometric-Semantic Pose Verification for Indoor Visual Localization,0,0
iccv-2019-441,DeepPruner: Learning Efficient Stereo Matching via Differentiable PatchMatch,0,0
iccv-2019-442,Convolutional Sequence Generation for Skeleton-Based Action Synthesis,0,0
iccv-2019-443,Onion-Peel Networks for Deep Video Completion,0,0
iccv-2019-444,Copy-and-Paste Networks for Deep Video Inpainting,0,0
iccv-2019-445,Content and Style Disentanglement for Artistic Style Transfer,0,0
iccv-2019-446,Compositional Video Prediction,0,0
iccv-2019-447,Feature Weighting and Boosting for Few-Shot Segmentation,0,0
iccv-2019-448,Image2StyleGAN: How to Embed Images Into the StyleGAN Latent Space?,0,0
iccv-2019-449,Controllable Artistic Text Style Transfer via Shape-Matching GAN,0,0
iccv-2019-450,Understanding Generalized Whitening and Coloring Transform for Universal Style Transfer,0,0
iccv-2019-451,Learning Implicit Generative Models by Matching Perceptual Features,0,0
iccv-2019-452,Free-Form Image Inpainting With Gated Convolution,0,0
iccv-2019-453,FiNet: Compatible and Diverse Fashion Image Inpainting,0,0
iccv-2019-454,"InGAN: Capturing and Retargeting the ""DNA"" of a Natural Image",0,0
iccv-2019-455,Seeing What a GAN Cannot Generate,0,0
iccv-2019-456,COCO-GAN: Generation by Parts via Conditional Coordinating,0,0
iccv-2019-457,Neural Turtle Graphics for Modeling City Road Layouts,0,0
iccv-2019-458,Texture Fields: Learning Texture Representations in Function Space,0,0
iccv-2019-459,PointFlow: 3D Point Cloud Generation With Continuous Normalizing Flows,0,0
iccv-2019-460,Meta-Sim: Learning to Generate Synthetic Datasets,0,0
iccv-2019-461,Specifying Object Attributes and Relations in Interactive Scene Generation,0,0
iccv-2019-462,SinGAN: Learning a Generative Model From a Single Natural Image,0,0
iccv-2019-463,"VaTeX: A Large-Scale, High-Quality Multilingual Dataset for Video-and-Language Research",0,0
iccv-2019-464,A Graph-Based Framework to Bridge Movies and Synopses,0,0
iccv-2019-465,From Strings to Things: Knowledge-Enabled VQA Model That Can Read and Reason,0,0
iccv-2019-466,Counterfactual Critic Multi-Agent Training for Scene Graph Generation,0,0
iccv-2019-467,Robust Change Captioning,0,0
iccv-2019-468,Attention on Attention for Image Captioning,0,0
iccv-2019-469,Dynamic Graph Attention for Referring Expression Comprehension,0,0
iccv-2019-470,Visual Semantic Reasoning for Image-Text Matching,0,0
iccv-2019-471,Phrase Localization Without Paired Training Examples,0,0
iccv-2019-472,Learning to Assemble Neural Module Tree Networks for Visual Grounding,0,0
iccv-2019-473,A Fast and Accurate One-Stage Approach to Visual Grounding,0,0
iccv-2019-474,Zero-Shot Grounding of Objects From Natural Language Queries,0,0
iccv-2019-475,Towards Unconstrained End-to-End Text Spotting,0,0
iccv-2019-476,What Is Wrong With Scene Text Recognition Model Comparisons? Dataset and Model Analysis,0,0
iccv-2019-477,Sparse and Imperceivable Adversarial Attacks,0,0
iccv-2019-478,Enhancing Adversarial Example Transferability With an Intermediate Level Attack,0,0
iccv-2019-479,Implicit Surface Representations As Layers in Neural Networks,0,0
iccv-2019-480,A Tour of Convolutional Networks Guided by Linear Interpreters,0,0
iccv-2019-481,Small Steps and Giant Leaps: Minimal Newton Solvers for Deep Learning,0,0
iccv-2019-482,Semantic Adversarial Attacks: Parametric Transformations That Fool Deep Classifiers,0,0
iccv-2019-483,Hilbert-Based Generative Defense for Adversarial Examples,0,0
iccv-2019-484,On the Efficacy of Knowledge Distillation,0,0
iccv-2019-485,Sym-Parameterized Dynamic Inference for Mixed-Domain Image Translation,0,0
iccv-2019-486,Better and Faster: Exponential Loss for Image Patch Matching,0,0
iccv-2019-487,Physical Adversarial Textures That Fool Visual Object Tracking,0,0
iccv-2019-488,Wasserstein GAN With Quadratic Transport Cost,0,0
iccv-2019-489,Scalable Verified Training for Provably Robust Image Classification,0,0
iccv-2019-490,Differentiable Soft Quantization: Bridging Full-Precision and Low-Bit Neural Networks,0,0
iccv-2019-491,The LogBarrier Adversarial Attack: Making Effective Use of Decision Boundary Information,0,0
iccv-2019-492,Proximal Mean-Field for Neural Network Quantization,0,0
iccv-2019-493,Improving Adversarial Robustness via Guided Complement Entropy,0,0
iccv-2019-494,A Geometry-Inspired Decision-Based Attack,0,0
iccv-2019-495,Universal Perturbation Attack Against Image Retrieval,0,0
iccv-2019-496,Bayesian Optimized 1-Bit CNNs,0,0
iccv-2019-497,Rethinking ImageNet Pre-Training,0,0
iccv-2019-498,Defending Against Universal Perturbations With Shared Adversarial Training,0,0
iccv-2019-499,Adaptive Activation Thresholding: Dynamic Routing Type Behavior for Interpretability in Convolutional Neural Networks,0,0
iccv-2019-500,XRAI: Better Attributions Through Regions,0,0
iccv-2019-501,Guessing Smart: Biased Sampling for Efficient Black-Box Adversarial Attacks,0,0
iccv-2019-502,Mask-Guided Attention Network for Occluded Pedestrian Detection,0,0
iccv-2019-503,Spectral Feature Transformation for Person Re-Identification,0,0
iccv-2019-504,Permutation-Invariant Feature Restructuring for Correlation-Aware Image Set-Based Recognition,0,0
iccv-2019-505,Improving Pedestrian Attribute Recognition With Weakly-Supervised Multi-Scale Attribute-Specific Localization,0,0
iccv-2019-506,Correlation Congruence for Knowledge Distillation,0,0
iccv-2019-507,Dynamic Curriculum Learning for Imbalanced Data Classification,0,0
iccv-2019-508,Video Face Clustering With Unknown Number of Clusters,0,0
iccv-2019-509,Targeted Mismatch Adversarial Attack: Query With a Flower to Retrieve the Tower,0,0
iccv-2019-510,Fashion++: Minimal Edits for Outfit Improvement,0,0
iccv-2019-511,Semi-Supervised Pedestrian Instance Synthesis and Detection With Mutual Reinforcement,0,0
iccv-2019-512,"SILCO: Show a Few Images, Localize the Common Object",0,0
iccv-2019-513,A Deep Step Pattern Representation for Multimodal Retinal Image Registration,0,0
iccv-2019-514,Deep Graphical Feature Learning for the Feature Matching Problem,0,0
iccv-2019-515,Minimum Delay Object Detection From Video,0,0
iccv-2019-516,Learning With Average Precision: Training Image Retrieval With a Listwise Loss,0,0
iccv-2019-517,Learning to Find Common Objects Across Few Image Collections,0,0
iccv-2019-518,Weakly Aligned Cross-Modal Learning for Multispectral Pedestrian Detection,0,0
iccv-2019-519,Deep Self-Learning From Noisy Labels,0,0
iccv-2019-520,DSConv: Efficient Convolution Operator,0,0
iccv-2019-521,Explicit Shape Encoding for Real-Time Instance Segmentation,0,0
iccv-2019-522,IMP: Instance Mask Projection for High Accuracy Semantic Segmentation of Things,0,0
iccv-2019-523,Video Instance Segmentation,0,0
iccv-2019-524,Self-Supervised Difference Detection for Weakly-Supervised Semantic Segmentation,0,0
iccv-2019-525,SPGNet: Semantic Prediction Guidance for Scene Parsing,0,0
iccv-2019-526,Gated-SCNN: Gated Shape CNNs for Semantic Segmentation,0,0
iccv-2019-527,DensePoint: Learning Densely Contextual Representation for Efficient Point Cloud Processing,0,0
iccv-2019-528,AMP: Adaptive Masked Proxies for Few-Shot Segmentation,0,0
iccv-2019-529,Universal Semi-Supervised Semantic Segmentation,0,0
iccv-2019-530,Accelerate Learning of Deep Hashing With Gradient Attention,0,0
iccv-2019-531,SVD: A Large-Scale Short Video Dataset for Near-Duplicate Video Retrieval,0,0
iccv-2019-532,Block Annotation: Better Image Annotation With Sub-Image Decomposition,0,0
iccv-2019-533,Probabilistic Deep Ordinal Regression Based on Gaussian Processes,0,0
iccv-2019-534,Balanced Datasets Are Not Enough: Estimating and Mitigating Gender Bias in Deep Image Representations,0,0
iccv-2019-535,Teacher Guided Architecture Search,0,0
iccv-2019-536,FACSIMILE: Fast and Accurate Scans From an Image in Less Than a Second,0,0
iccv-2019-537,Delving Deep Into Hybrid Annotations for 3D Human Recovery in the Wild,0,0
iccv-2019-538,Human Mesh Recovery From Monocular Images via a Skeleton-Disentangled Representation,0,0
iccv-2019-539,"Three-D Safari: Learning to Estimate Zebra Pose, Shape, and Texture From Images ""In the Wild""",0,0
iccv-2019-540,Object-Driven Multi-Layer Scene Decomposition From a Single Image,0,0
iccv-2019-541,Occupancy Flow: 4D Reconstruction by Learning Particle Dynamics,0,0
iccv-2019-542,Joint Monocular 3D Vehicle Detection and Tracking,0,0
iccv-2019-543,Fingerspelling Recognition in the Wild With Iterative Visual Attention,0,0
iccv-2019-544,PointAE: Point Auto-Encoder for 3D Statistical Shape and Texture Modelling,0,0
iccv-2019-545,Multi-Garment Net: Learning to Dress 3D People From Images,0,0
iccv-2019-546,Skeleton-Aware 3D Human Shape Reconstruction From Point Clouds,0,0
iccv-2019-547,AMASS: Archive of Motion Capture As Surface Shapes,0,0
iccv-2019-548,Person-in-WiFi: Fine-Grained Person Perception Using WiFi,0,0
iccv-2019-549,FAB: A Robust Facial Landmark Detection Framework for Motion-Blurred Videos,0,0
iccv-2019-550,Attentional Feature-Pair Relation Networks for Accurate Face Recognition,0,0
iccv-2019-551,Action Recognition With Spatial-Temporal Discriminative Filter Banks,0,0
iccv-2019-552,EPIC-Fusion: Audio-Visual Temporal Binding for Egocentric Action Recognition,0,0
iccv-2019-553,Weakly-Supervised Action Localization With Background Modeling,0,0
iccv-2019-554,Grouped Spatial-Temporal Aggregation for Efficient Action Recognition,0,0
iccv-2019-555,Temporal Structure Mining for Weakly Supervised Action Detection,0,0
iccv-2019-556,Temporal Recurrent Networks for Online Action Detection,0,0
iccv-2019-557,StartNet: Online Detection of Action Start in Untrimmed Videos,0,0
iccv-2019-558,Video Classification With Channel-Separated Convolutional Networks,0,0
iccv-2019-559,Predicting the Future: A Jointly Learnt Model for Action Anticipation,0,0
iccv-2019-560,Human-Aware Motion Deblurring,0,0
iccv-2019-561,Fast Video Object Segmentation via Dynamic Targeting Network,0,0
iccv-2019-562,Solving Vision Problems via Filtering,0,0
iccv-2019-563,GAN-Based Projector for Faster Recovery With Convergence Guarantees in Linear Inverse Problems,0,0
iccv-2019-564,Scoot: A Perceptual Metric for Facial Sketches,0,0
iccv-2019-565,Learning Filter Basis for Convolutional Neural Network Compression,0,0
iccv-2019-566,End-to-End Learning of Representations for Asynchronous Event-Based Data,0,0
iccv-2019-567,ERL-Net: Entangled Representation Learning for Single Image De-Raining,0,0
iccv-2019-568,Perceptual Deep Depth Super-Resolution,0,0
iccv-2019-569,"3D Scene Graph: A Structure for Unified Semantics, 3D Space, and Camera",0,0
iccv-2019-570,Floorplan-Jigsaw: Jointly Estimating Scene Layout and Aligning Partial Scans,0,0
iccv-2019-571,Enforcing Geometric Constraints of Virtual Normal for Depth Prediction,0,0
iccv-2019-572,Deep Contextual Attention for Human-Object Interaction Detection,0,0
iccv-2019-573,Learning Compositional Neural Information Fusion for Human Parsing,0,0
iccv-2019-574,Attentional Neural Fields for Crowd Counting,0,0
iccv-2019-575,Understanding Human Gaze Communication by Spatio-Temporal Graph Reasoning,0,0
iccv-2019-576,Controllable Attention for Structured Layered Video Decomposition,0,0
iccv-2019-577,GANalyze: Toward Visual Definitions of Cognitive Image Properties,0,0
iccv-2019-578,Saliency-Guided Attention Network for Image-Sentence Matching,0,0
iccv-2019-579,CAMP: Cross-Modal Adaptive Message Passing for Text-Image Retrieval,0,0
iccv-2019-580,ACMM: Aligned Cross-Modal Memory for Few-Shot Image and Sentence Matching,0,0
iccv-2019-581,Creativity Inspired Zero-Shot Learning,0,0
iccv-2019-582,Generating Easy-to-Understand Referring Expressions for Target Identifications,0,0
iccv-2019-583,Language-Agnostic Visual-Semantic Embeddings,0,0
iccv-2019-584,Adversarial Representation Learning for Text-to-Image Matching,0,0
iccv-2019-585,Multi-Modality Latent Interaction Network for Visual Question Answering,0,0
iccv-2019-586,Key.Net: Keypoint Detection by Handcrafted and Learned CNN Filters,0,0
iccv-2019-587,Learning Two-View Correspondences and Geometry Using Order-Aware Network,0,0
iccv-2019-588,Learning Meshes for Dense Visual SLAM,0,0
iccv-2019-589,EM-Fusion: Dynamic Object-Level SLAM With Probabilistic Data Association,0,0
iccv-2019-590,ClusterSLAM: A SLAM Backend for Simultaneous Rigid Body Clustering and Motion Estimation,0,0
iccv-2019-591,Efficient and Robust Registration on the 3D Special Euclidean Group,0,0
iccv-2019-592,Algebraic Characterization of Essential Matrices and Their Averaging in Multiview Settings,0,0
iccv-2019-593,"Liquid Warping GAN: A Unified Framework for Human Motion Imitation, Appearance Transfer and Novel View Synthesis",0,0
iccv-2019-594,RelGAN: Multi-Domain Image-to-Image Translation via Relative Attributes,0,0
iccv-2019-595,Attribute-Driven Spontaneous Motion in Unpaired Image Translation,0,0
iccv-2019-596,Everybody Dance Now,0,0
iccv-2019-597,Multimodal Style Transfer via Graph Cuts,0,0
iccv-2019-598,A Closed-Form Solution to Universal Style Transfer,0,0
iccv-2019-599,Progressive Reconstruction of Visual Structure for Image Inpainting,0,0
iccv-2019-600,Variational Adversarial Active Learning,0,0
iccv-2019-601,Confidence Regularized Self-Training,0,0
iccv-2019-602,Anchor Loss: Modulating Loss Scale Based on Prediction Difficulty,0,0
iccv-2019-603,Local Aggregation for Unsupervised Learning of Visual Embeddings,0,0
iccv-2019-604,PR Product: A Substitute for Inner Product in Neural Networks,0,0
iccv-2019-605,CutMix: Regularization Strategy to Train Strong Classifiers With Localizable Features,0,0
iccv-2019-606,Towards Interpretable Object Detection by Unfolding Latent Structures,0,0
iccv-2019-607,Scaling Object Detection by Transferring Classification Weights,0,0
iccv-2019-608,Scale-Aware Trident Networks for Object Detection,0,0
iccv-2019-609,Object-Aware Instance Labeling for Weakly Supervised Object Detection,0,0
iccv-2019-610,Generative Modeling for Small-Data Object Detection,0,0
iccv-2019-611,Transductive Learning for Zero-Shot Object Detection,0,0
iccv-2019-612,Self-Training and Adversarial Background Regularization for Unsupervised Domain Adaptive One-Stage Object Detection,0,0
iccv-2019-613,Memory-Based Neighbourhood Embedding for Visual Recognition,0,0
iccv-2019-614,Self-Similarity Grouping: A Simple Unsupervised Cross Domain Adaptation Approach for Person Re-Identification,0,0
iccv-2019-615,Deep Reinforcement Active Learning for Human-in-the-Loop Person Re-Identification,0,0
iccv-2019-616,A Dual-Path Model With Adaptive Attention for Vehicle Re-Identification,0,0
iccv-2019-617,Bayesian Loss for Crowd Count Estimation With Point Supervision,0,0
iccv-2019-618,Learning Spatial Awareness to Improve Crowd Counting,0,0
iccv-2019-619,GradNet: Gradient-Guided Network for Visual Object Tracking,0,0
iccv-2019-620,"FAMNet: Joint Learning of Feature, Affinity and Multi-Dimensional Assignment for Online Multiple Object Tracking",0,0
iccv-2019-621,Learning Discriminative Model Prediction for Tracking,0,0
iccv-2019-622,DynamoNet: Dynamic Action and Motion Network,0,0
iccv-2019-623,SlowFast Networks for Video Recognition,0,0
iccv-2019-624,Generative Multi-View Human Action Recognition,0,0
iccv-2019-625,Multi-Agent Reinforcement Learning Based Frame Sampling for Effective Untrimmed Video Recognition,0,0
iccv-2019-626,SCSampler: Sampling Salient Clips From Video for Efficient Action Recognition,0,0
iccv-2019-627,Weakly Supervised Energy-Based Learning for Action Segmentation,0,0
iccv-2019-628,What Would You Expect? Anticipating Egocentric Actions With Rolling-Unrolling LSTMs and Modality Attention,0,0
iccv-2019-629,PIE: A Large-Scale Dataset and Models for Pedestrian Intention Estimation and Trajectory Prediction,0,0
iccv-2019-630,STGAT: Modeling Spatial-Temporal Interactions for Human Trajectory Prediction,0,0
iccv-2019-631,Learning Motion in Feature Space: Locally-Consistent Deformable Convolution Networks for Fine-Grained Action Detection,0,0
iccv-2019-632,Dual Attention Matching for Audio-Visual Event Localization,0,0
iccv-2019-633,Uncertainty-Aware Audiovisual Activity Recognition Using Deep Bayesian Variational Inference,0,0
iccv-2019-634,Non-Local Recurrent Neural Memory for Supervised Sequence Modeling,0,0
iccv-2019-635,Temporal Attentive Alignment for Large-Scale Video Domain Adaptation,0,0
iccv-2019-636,Action Assessment by Joint Relation Graphs,0,0
iccv-2019-637,Unsupervised Procedure Learning via Joint Dynamic Summarization,0,0
iccv-2019-638,ViSiL: Fine-Grained Spatio-Temporal Video Similarity Learning,0,0
iccv-2019-639,Unsupervised Learning of Landmarks by Descriptor Vector Exchange,0,0
iccv-2019-640,Learning Compositional Representations for Few-Shot Recognition,0,0
iccv-2019-641,Spectral Regularization for Combating Mode Collapse in GANs,0,0
iccv-2019-642,Scaling and Benchmarking Self-Supervised Visual Representation Learning,0,0
iccv-2019-643,Learning an Effective Equivariant 3D Descriptor Without Supervision,0,0
iccv-2019-644,KPConv: Flexible and Deformable Convolution for Point Clouds,0,0
iccv-2019-645,Neural Inter-Frame Compression for Video Coding,0,0
iccv-2019-646,Task2Vec: Task Embedding for Meta-Learning,0,0
iccv-2019-647,Deep Clustering by Gaussian Mixture Variational Autoencoders With Graph Embedding,0,0
iccv-2019-648,SoftTriple Loss: Deep Metric Learning Without Triplet Sampling,0,0
iccv-2019-649,A Weakly Supervised Fine Label Classifier Enhanced by Coarse Supervision,0,0
iccv-2019-650,Gaussian Affinity for Max-Margin Class Imbalanced Learning,0,0
iccv-2019-651,AttPool: Towards Hierarchical Feature Representation in Graph Convolutional Networks via Attention Mechanism,0,0
iccv-2019-652,Deep Metric Learning With Tuplet Margin Loss,0,0
iccv-2019-653,Normalized Wasserstein for Mixture Distributions With Applications in Adversarial Learning and Domain Adaptation,0,0
iccv-2019-654,Fast and Practical Neural Architecture Search,0,0
iccv-2019-655,Symmetric Graph Convolutional Autoencoder for Unsupervised Graph Representation Learning,0,0
iccv-2019-656,Deep Elastic Networks With Model Selection for Multi-Task Learning,0,0
iccv-2019-657,Metric Learning With HORDE: High-Order Regularizer for Deep Embeddings,0,0
iccv-2019-658,Adversarial Learning With Margin-Based Triplet Embedding Regularization,0,0
iccv-2019-659,Simultaneous Multi-View Instance Detection With Learned Geometric Soft-Constraints,0,0
iccv-2019-660,CenterNet: Keypoint Triplets for Object Detection,0,0
iccv-2019-661,Online Hyper-Parameter Learning for Auto-Augmentation Strategy,0,0
iccv-2019-662,DANet: Divergent Activation for Weakly Supervised Object Localization,0,0
iccv-2019-663,Selective Sparse Sampling for Fine-Grained Image Recognition,0,0
iccv-2019-664,Dynamic Anchor Feature Selection for Single-Shot Object Detection,0,0
iccv-2019-665,Incremental Learning Using Conditional Adversarial Networks,0,0
iccv-2019-666,Bilateral Adversarial Training: Towards Fast Training of More Robust Models Against Adversarial Attacks,0,0
iccv-2019-667,View Confusion Feature Learning for Person Re-Identification,0,0
iccv-2019-668,Auto-FPN: Automatic Network Architecture Adaptation for Object Detection Beyond Classification,0,0
iccv-2019-669,PARN: Position-Aware Relation Networks for Few-Shot Learning,0,0
iccv-2019-670,Multi-Adversarial Faster-RCNN for Unrestricted Object Detection,0,0
iccv-2019-671,Object Guided External Memory Network for Video Object Detection,0,0
iccv-2019-672,An Empirical Study of Spatial Attention Mechanisms in Deep Networks,0,0
iccv-2019-673,Attribute Attention for Semantic Disambiguation in Zero-Shot Learning,0,0
iccv-2019-674,CIIDefence: Defeating Adversarial Attacks by Fusing Class-Specific Image Inpainting and Image Denoising,0,0
iccv-2019-675,ThunderNet: Towards Real-Time Generic Object Detection on Mobile Devices,0,0
iccv-2019-676,Dual Student: Breaking the Limits of the Teacher in Semi-Supervised Learning,0,0
iccv-2019-677,"MVP Matching: A Maximum-Value Perfect Matching for Mining Hard Samples, With Application to Person Re-Identification",0,0
iccv-2019-678,Adaptive Context Network for Scene Parsing,0,0
iccv-2019-679,Constructing Self-Motivated Pyramid Curriculums for Cross-Domain Semantic Segmentation: A Non-Adversarial Approach,0,0
iccv-2019-680,SparseMask: Differentiable Connectivity Learning for Dense Image Prediction,0,0
iccv-2019-681,Significance-Aware Information Bottleneck for Domain Adaptive Semantic Segmentation,0,0
iccv-2019-682,Relational Attention Network for Crowd Counting,0,0
iccv-2019-683,ACFNet: Attentional Class Feature Network for Semantic Segmentation,0,0
iccv-2019-684,Frame-to-Frame Aggregation of Active Regions in Web Videos for Weakly Supervised Semantic Segmentation,0,0
iccv-2019-685,Boundary-Aware Feature Propagation for Scene Segmentation,0,0
iccv-2019-686,Self-Ensembling With GAN-Based Data Augmentation for Domain Adaptation in Semantic Segmentation,0,0
iccv-2019-687,Explaining the Ambiguity of Object Detection and 6D Pose From Visual Data,0,0
iccv-2019-688,Accurate Monocular 3D Object Detection via Color-Embedded 3D Reconstruction for Autonomous Driving,0,0
iccv-2019-689,MonoLoco: Monocular 3D Pedestrian Localization and Uncertainty Estimation,0,0
iccv-2019-690,Unsupervised High-Resolution Depth Learning From Videos With Dual Networks,0,0
iccv-2019-691,Bayesian Graph Convolution LSTM for Skeleton Based Action Recognition,0,0
iccv-2019-692,DeCaFA: Deep Convolutional Cascade for Face Alignment in the Wild,0,0
iccv-2019-693,Probabilistic Face Embeddings,0,0
iccv-2019-694,Gaze360: Physically Unconstrained Gaze Estimation in the Wild,0,0
iccv-2019-695,Unsupervised Person Re-Identification by Camera-Aware Similarity Consistency Learning,0,0
iccv-2019-696,Photo-Realistic Monocular Gaze Redirection Using Generative Adversarial Networks,0,0
iccv-2019-697,Dynamic Kernel Distillation for Efficient Pose Estimation in Videos,0,0
iccv-2019-698,Single-Stage Multi-Person Pose Machines,0,0
iccv-2019-699,SO-HandNet: Self-Organizing Network for 3D Hand Pose Estimation With Semi-Supervised Learning,0,0
iccv-2019-700,Adaptive Wing Loss for Robust Face Alignment via Heatmap Regression,0,0
iccv-2019-701,Single-Network Whole-Body Pose Estimation,0,0
iccv-2019-702,Face Alignment With Kernel Density Deep Neural Network,0,0
iccv-2019-703,Spatiotemporal Feature Residual Propagation for Action Prediction,0,0
iccv-2019-704,"Identity From Here, Pose From There: Self-Supervised Disentanglement and Generation of Objects Using Unlabeled Videos",0,0
iccv-2019-705,Relation Distillation Networks for Video Object Detection,0,0
iccv-2019-706,Video Compression With Rate-Distortion Autoencoders,0,0
iccv-2019-707,Non-Local ConvLSTM for Video Compression Artifact Reduction,0,0
iccv-2019-708,Self-Supervised Moving Vehicle Tracking With Stereo Sound,0,0
iccv-2019-709,"Self-Supervised Learning With Geometric Constraints in Monocular Video: Connecting Flow, Depth, and Camera",0,0
iccv-2019-710,Learning Temporal Action Proposals With Fewer Labels,0,0
iccv-2019-711,TSM: Temporal Shift Module for Efficient Video Understanding,0,0
iccv-2019-712,Graph Convolutional Networks for Temporal Action Localization,0,0
iccv-2019-713,Fast Object Detection in Compressed Video,0,0
iccv-2019-714,Predicting 3D Human Dynamics From Video,0,0
iccv-2019-715,Imitation Learning for Human Pose Prediction,0,0
iccv-2019-716,Human Motion Prediction via Spatio-Temporal Inpainting,0,0
iccv-2019-717,Structured Prediction Helps 3D Human Motion Modelling,0,0
iccv-2019-718,Learning Shape Templates With Structured Implicit Functions,0,0
iccv-2019-719,CompenNet++: End-to-End Full Projector Compensation,0,0
iccv-2019-720,Deep Parametric Indoor Lighting Estimation,0,0
iccv-2019-721,FSGAN: Subject Agnostic Face Swapping and Reenactment,0,0
iccv-2019-722,Deep Single-Image Portrait Relighting,0,0
iccv-2019-723,PU-GAN: A Point Cloud Upsampling Adversarial Network,0,0
iccv-2019-724,Neural 3D Morphable Models: Spiral Convolutional Networks for 3D Shape Representation Learning and Generation,0,0
iccv-2019-725,Joint Learning of Saliency Detection and Weakly Supervised Semantic Segmentation,0,0
iccv-2019-726,Towards High-Resolution Salient Object Detection,0,0
iccv-2019-727,Event-Based Motion Segmentation by Motion Compensation,0,0
iccv-2019-728,Depth-Induced Multi-Scale Recurrent Attention Network for Saliency Detection,0,0
iccv-2019-729,Stacked Cross Refinement Network for Edge-Aware Salient Object Detection,0,0
iccv-2019-730,Motion Guided Attention for Video Salient Object Detection,0,0
iccv-2019-731,Semi-Supervised Video Salient Object Detection Using Pseudo-Labels,0,0
iccv-2019-732,Joint Learning of Semantic Alignment and Object Landmark Detection,0,0
iccv-2019-733,RainFlow: Optical Flow Under Rain Streaks and Rain Veiling Effect,0,0
iccv-2019-734,GridDehazeNet: Attention-Based Multi-Scale Network for Image Dehazing,0,0
iccv-2019-735,Learning to See Moving Objects in the Dark,0,0
iccv-2019-736,SegSort: Segmentation by Discriminative Sorting of Segments,0,0
iccv-2019-737,What Synthesis Is Missing: Depth Adaptation Integrated With Weak Supervision for Indoor Scene Parsing,0,0
iccv-2019-738,AdaptIS: Adaptive Instance Selection Network,0,0
iccv-2019-739,DADA: Depth-Aware Domain Adaptation in Semantic Segmentation,0,0
iccv-2019-740,Guided Curriculum Model Adaptation and Uncertainty-Aware Evaluation for Semantic Nighttime Image Segmentation,0,0
iccv-2019-741,SceneGraphNet: Neural Message Passing for 3D Indoor Scene Augmentation,0,0
iccv-2019-742,SkyScapes Fine-Grained Semantic Understanding of Aerial Scenes,0,0
iccv-2019-743,Transferable Representation Learning in Vision-and-Language Navigation,0,0
iccv-2019-744,Towards Unsupervised Image Captioning With Shared Multimodal Embeddings,0,0
iccv-2019-745,ViCo: Word Embeddings From Visual Co-Occurrences,0,0
iccv-2019-746,Seq-SG2SL: Inferring Semantic Layout From Scene Graph Through Sequence to Sequence Learning,0,0
iccv-2019-747,U-CAM: Visual Explanation Using Uncertainty Based Class Activation Maps,0,0
iccv-2019-748,See-Through-Text Grouping for Referring Image Segmentation,0,0
iccv-2019-749,VideoBERT: A Joint Model for Video and Language Representation Learning,0,0
iccv-2019-750,Language Features Matter: Effective Language Representations for Vision-Language Tasks,0,0
iccv-2019-751,Semantic Stereo Matching With Pyramid Cost Volumes,0,0
iccv-2019-752,Learning Relationships for Multi-View 3D Object Recognition,0,0
iccv-2019-753,View N-Gram Network for 3D Object Retrieval,0,0
iccv-2019-754,Expert Sample Consensus Applied to Camera Re-Localization,0,0
iccv-2019-755,Semantic Part Detection via Matching: Learning to Generalize to Novel Viewpoints From Limited Training Data,0,0
iccv-2019-756,Dynamic Points Agglomeration for Hierarchical Point Sets Learning,0,0
iccv-2019-757,Attributing Fake Images to GANs: Learning and Analyzing GAN Fingerprints,0,0
iccv-2019-758,Dual Adversarial Inference for Text-to-Image Synthesis,0,0
iccv-2019-759,View-LSTM: Novel-View Video Synthesis Through View Decomposition,0,0
iccv-2019-760,HoloGAN: Unsupervised Learning of 3D Representations From Natural Images,0,0
iccv-2019-761,Unpaired Image-to-Speech Synthesis With Multimodal Information Bottleneck,0,0
iccv-2019-762,Improved Conditional VRNNs for Video Prediction,0,0
iccv-2019-763,Visualizing the Invisible: Occluded Vehicle Segmentation and Recovery,0,0
iccv-2019-764,FrameNet: Learning Local Canonical Frames of 3D Surfaces From a Single RGB Image,0,0
iccv-2019-765,Pushing the Frontiers of Unconstrained Crowd Counting: New Dataset and Benchmark Method,0,0
iccv-2019-766,Spatial Correspondence With Generative Adversarial Network: Learning Depth From Monocular Videos,0,0
iccv-2019-767,Learning Single Camera Depth Estimation Using Dual-Pixels,0,0
iccv-2019-768,Domain-Adaptive Single-View 3D Reconstruction,0,0
iccv-2019-769,Transformable Bottleneck Networks,0,0
iccv-2019-770,RIO: 3D Object Instance Re-Localization in Changing Indoor Environments,0,0
iccv-2019-771,Pix2Pose: Pixel-Wise Coordinate Regression of Objects for 6D Pose Estimation,0,0
iccv-2019-772,CDPN: Coordinates-Based Disentangled Pose Network for Real-Time RGB-Based 6-DoF Object Pose Estimation,0,0
iccv-2019-773,C3DPO: Canonical 3D Pose Networks for Non-Rigid Structure From Motion,0,0
iccv-2019-774,Learning to Reconstruct 3D Manhattan Wireframes From a Single Image,0,0
iccv-2019-775,Soft Rasterizer: A Differentiable Renderer for Image-Based 3D Reasoning,0,0
iccv-2019-776,Learnable Triangulation of Human Pose,0,0
iccv-2019-777,xR-EgoPose: Egocentric 3D Human Pose From an HMD Camera,0,0
iccv-2019-778,DeepHuman: 3D Human Reconstruction From a Single Image,0,0
iccv-2019-779,A Neural Network for Detailed Human Depth Estimation From a Single Image,0,0
iccv-2019-780,DenseRaC: Joint 3D Pose and Shape Estimation by Dense Render-and-Compare,0,0
iccv-2019-781,Not All Parts Are Created Equal: 3D Pose Estimation by Modeling Bi-Directional Dependencies of Body Parts,0,0
iccv-2019-782,Extreme View Synthesis,0,0
iccv-2019-783,View Independent Generative Adversarial Network for Novel View Synthesis,0,0
iccv-2019-784,Cascaded Context Pyramid for Full-Resolution 3D Semantic Scene Completion,0,0
iccv-2019-785,View-Consistent 4D Light Field Superpixel Segmentation,0,0
iccv-2019-786,GLoSH: Global-Local Spherical Harmonics for Intrinsic Image Decomposition,0,0
iccv-2019-787,Surface Normals and Shape From Water,0,0
iccv-2019-788,Restoration of Non-Rigidly Distorted Underwater Images Using a Combination of Compressive Sensing and Local Polynomial Image Representations,0,0
iccv-2019-789,Learning Perspective Undistortion of Portraits,0,0
iccv-2019-790,Towards Photorealistic Reconstruction of Highly Multiplexed Lensless Images,0,0
iccv-2019-791,Unconstrained Motion Deblurring for Dual-Lens Cameras,0,0
iccv-2019-792,Stochastic Exposure Coding for Handling Multi-ToF-Camera Interference,0,0
iccv-2019-793,Convolutional Approximations to the General Non-Line-of-Sight Imaging Operator,0,0
iccv-2019-794,Agile Depth Sensing Using Triangulation Light Curtains,0,0
iccv-2019-795,Asynchronous Single-Photon 3D Imaging,0,0
iccv-2019-796,Cross-Dataset Person Re-Identification via Unsupervised Pose Disentanglement and Adaptation,0,0
iccv-2019-797,A Learned Representation for Scalable Vector Graphics,0,0
iccv-2019-798,ELF: Embedded Localisation of Features in Pre-Trained CNN,0,0
iccv-2019-799,Joint Group Feature Selection and Discriminative Filter Learning for Robust Visual Object Tracking,0,0
iccv-2019-800,Sampling Wisely: Deep Image Embedding by Top-K Precision Optimization,0,0
iccv-2019-801,On the Global Optima of Kernelized Adversarial Representation Learning,0,0
iccv-2019-802,Addressing Model Vulnerability to Distributional Shifts Over Image Transformation Sets,0,0
iccv-2019-803,Attract or Distract: Exploit the Margin of Open Set,0,0
iccv-2019-804,MIC: Mining Interclass Characteristics for Improved Metric Learning,0,0
iccv-2019-805,Self-Supervised Representation Learning via Neighborhood-Relational Encoding,0,0
iccv-2019-806,AWSD: Adaptive Weighted Spatiotemporal Distillation for Video Representation,0,0
iccv-2019-807,Bilinear Attention Networks for Person Retrieval,0,0
iccv-2019-808,Discriminative Feature Learning With Consistent Attention Regularization for Person Re-Identification,0,0
iccv-2019-809,Semi-Supervised Domain Adaptation via Minimax Entropy,0,0
iccv-2019-810,Boosting Few-Shot Visual Learning With Self-Supervision,0,0
iccv-2019-811,FDA: Feature Disruptive Attack,0,0
iccv-2019-812,A Novel Unsupervised Camera-Aware Domain Adaptation Framework for Person Re-Identification,0,0
iccv-2019-813,Cross-View Policy Learning for Street Navigation,0,0
iccv-2019-814,Learning Across Tasks and Domains,0,0
iccv-2019-815,EMPNet: Neural Localisation and Mapping Using Embedded Memory Points,0,0
iccv-2019-816,AVT: Unsupervised Learning of Transformation Equivariant Representations by Autoencoding Variational Transformations,0,0
iccv-2019-817,Composite Shape Modeling via Latent Space Factorization,0,0
iccv-2019-818,Deep Comprehensive Correlation Mining for Image Clustering,0,0
iccv-2019-819,Unsupervised Multi-Task Feature Learning on Point Clouds,0,0
iccv-2019-820,Reciprocal Multi-Layer Subspace Learning for Multi-View Clustering,0,0
iccv-2019-821,Geometric Disentanglement for Generative Latent Shape Models,0,0
iccv-2019-822,GAN-Tree: An Incrementally Learned Hierarchical Generative Framework for Multi-Modal Data Distributions,0,0
iccv-2019-823,GODS: Generalized One-Class Discriminative Subspaces for Anomaly Detection,0,0
iccv-2019-824,Neighborhood Preserving Hashing for Scalable Video Retrieval,0,0
iccv-2019-825,Self-Training With Progressive Augmentation for Unsupervised Cross-Domain Person Re-Identification,0,0
iccv-2019-826,"SCRDet: Towards More Robust Detection for Small, Cluttered and Rotated Objects",0,0
iccv-2019-827,Cross-X Learning for Fine-Grained Visual Categorization,0,0
iccv-2019-828,Maximum-Margin Hamming Hashing,0,0
iccv-2019-829,Conservative Wasserstein Training for Pose Estimation,0,0
iccv-2019-830,Learning to Rank Proposals for Object Detection,0,0
iccv-2019-831,Vehicle Re-Identification With Viewpoint-Aware Metric Learning,0,0
iccv-2019-832,WSOD2: Learning Bottom-Up and Top-Down Objectness Distillation for Weakly-Supervised Object Detection,0,0
iccv-2019-833,Localization of Deep Inpainting Using High-Pass Fully Convolutional Network,0,0
iccv-2019-834,Clustered Object Detection in Aerial Images,0,0
iccv-2019-835,Unsupervised Graph Association for Person Re-Identification,0,0
iccv-2019-836,Learning a Mixture of Granularity-Specific Experts for Fine-Grained Categorization,0,0
iccv-2019-837,advPattern: Physical-World Attacks on Deep Person Re-Identification via Adversarially Transformable Patterns,0,0
iccv-2019-838,ABD-Net: Attentive but Diverse Person Re-Identification,0,0
iccv-2019-839,From Open Set to Closed Set: Counting Objects by Spatial Divide-and-Conquer,0,0
iccv-2019-840,Towards Precise End-to-End Weakly Supervised Object Detection Network,0,0
iccv-2019-841,Learn to Scale: Generating Multipolar Normalized Density Maps for Crowd Counting,0,0
iccv-2019-842,Ground-to-Aerial Image Geo-Localization With a Hard Exemplar Reweighting Triplet Loss,0,0
iccv-2019-843,Learning to Discover Novel Visual Categories via Deep Transfer Clustering,0,0
iccv-2019-844,AM-LFS: AutoML for Loss Function Search,0,0
iccv-2019-845,Few-Shot Object Detection via Feature Reweighting,0,0
iccv-2019-846,"Objects365: A Large-Scale, High-Quality Dataset for Object Detection",0,0
iccv-2019-847,Efficient and Accurate Arbitrary-Shaped Text Detection With Pixel Aggregation Network,0,0
iccv-2019-848,Foreground-Aware Pyramid Reconstruction for Alignment-Free Occluded Person Re-Identification,0,0
iccv-2019-849,Collect and Select: Semantic Alignment Metric Learning for Few-Shot Learning,0,0
iccv-2019-850,Bayesian Adaptive Superpixel Segmentation,0,0
iccv-2019-851,CapsuleVOS: Semi-Supervised Video Object Segmentation Using Capsule Routing,0,0
iccv-2019-852,BAE-NET: Branched Autoencoder for Shape Co-Segmentation,0,0
iccv-2019-853,VV-Net: Voxel VAE Net With Group Convolutions for Point Cloud Segmentation,0,0
iccv-2019-854,Miss Detection vs. False Alarm: Adversarial Learning for Small Object Segmentation in Infrared Images,0,0
iccv-2019-855,Group-Wise Deep Object Co-Segmentation With Co-Attention Recurrent Neural Network,0,0
iccv-2019-856,Human Attention in Image Captioning: Dataset and Analysis,0,0
iccv-2019-857,Variational Uncalibrated Photometric Stereo Under General Lighting,0,0
iccv-2019-858,SPLINE-Net: Sparse Photometric Stereo Through Lighting Interpolation and Normal Estimation Networks,0,0
iccv-2019-859,Hyperspectral Image Reconstruction Using Deep External and Internal Learning,0,0
iccv-2019-860,Gravity as a Reference for Estimating a Person's Height From Video,0,0
iccv-2019-861,Shadow Removal via Shadow Image Decomposition,0,0
iccv-2019-862,OperatorNet: Recovering 3D Shapes From Difference Operators,0,0
iccv-2019-863,Neural Inverse Rendering of an Indoor Scene From a Single Image,0,0
iccv-2019-864,ForkNet: Multi-Branch Volumetric Semantic Completion From a Single Depth Image,0,0
iccv-2019-865,Moving Indoor: Unsupervised Video Depth Learning in Challenging Environments,0,0
iccv-2019-866,GraphX-Convolution for Point Cloud Deformation in 2D-to-3D Conversion,0,0
iccv-2019-867,Holistic++ Scene Understanding: Single-View 3D Holistic Scene Parsing and Human Pose Estimation With Human-Object Interaction and Physical Commonsense,0,0
iccv-2019-868,MMAct: A Large-Scale Dataset for Cross Modal Human Action Understanding,0,0
iccv-2019-869,HACS: Human Action Clips and Segments Dataset for Recognition and Temporal Localization,0,0
iccv-2019-870,3C-Net: Category Count and Center Loss for Weakly-Supervised Action Localization,0,0
iccv-2019-871,Grounded Human-Object Interaction Hotspots From Video,0,0
iccv-2019-872,Hallucinating IDT Descriptors and I3D Optical Flow Features for Action Recognition With CNNs,0,0
iccv-2019-873,Learning to Paint With Model-Based Deep Reinforcement Learning,0,0
iccv-2019-874,Neural Re-Simulation for Generating Bounces in Single Images,0,0
iccv-2019-875,Deep Appearance Maps,0,0
iccv-2019-876,GarNet: A Two-Stream Network for Fast and Accurate 3D Cloth Draping,0,0
iccv-2019-877,Joint Embedding of 3D Scan and CAD Objects,0,0
iccv-2019-878,CompoNet: Learning to Generate the Unseen by Part Synthesis and Composition,0,0
iccv-2019-879,DDSL: Deep Differentiable Simplex Layer for Learning Geometric Signals,0,0
iccv-2019-880,EGNet: Edge Guidance Network for Salient Object Detection,0,0
iccv-2019-881,SID4VAM: A Benchmark Dataset With Synthetic Images for Visual Attention Modeling,0,0
iccv-2019-882,Two-Stream Action Recognition-Oriented Video Super-Resolution,0,0
iccv-2019-883,Where Is My Mirror?,0,0
iccv-2019-884,Disentangled Image Matting,0,0
iccv-2019-885,Guided Super-Resolution As Pixel-to-Pixel Transformation,0,0
iccv-2019-886,Deep Learning for Light Field Saliency Detection,0,0
iccv-2019-887,Optimizing the F-Measure for Threshold-Free Salient Object Detection,0,0
iccv-2019-888,Image Inpainting With Learnable Bidirectional Attention Maps,0,0
iccv-2019-889,Joint Demosaicking and Denoising by Fine-Tuning of Bursts of Raw Images,0,0
iccv-2019-890,DeblurGAN-v2: Deblurring (Orders-of-Magnitude) Faster and Better,0,0
iccv-2019-891,Reflective Decoding Network for Image Captioning,0,0
iccv-2019-892,Joint Optimization for Cooperative Image Captioning,0,0
iccv-2019-893,"Watch, Listen and Tell: Multi-Modal Weakly Supervised Dense Event Captioning",0,0
iccv-2019-894,Joint Syntax Representation Learning and Visual Cue Translation for Video Captioning,0,0
iccv-2019-895,Entangled Transformer for Image Captioning,0,0
iccv-2019-896,Shapeglot: Learning Language for Shape Differentiation,0,0
iccv-2019-897,nocaps: novel object captioning at scale,0,0
iccv-2019-898,Fully Convolutional Geometric Features,0,0
iccv-2019-899,Learning Local RGB-to-CAD Correspondences for Object Pose Estimation,0,0
iccv-2019-900,Depth From Videos in the Wild: Unsupervised Monocular Depth Learning From Unknown Cameras,0,0
iccv-2019-901,OmniMVS: End-to-End Learning for Omnidirectional Stereo Matching,0,0
iccv-2019-902,On the Over-Smoothing Problem of CNN Based Disparity Estimation,0,0
iccv-2019-903,Disentangling Propagation and Generation for Video Prediction,0,0
iccv-2019-904,Guided Image-to-Image Translation With Bi-Directional Feature Transformation,0,0
iccv-2019-905,Towards Multi-Pose Guided Virtual Try-On Network,0,0
iccv-2019-906,Photorealistic Style Transfer via Wavelet Transforms,0,0
iccv-2019-907,Personalized Fashion Design,0,0
iccv-2019-908,Tag2Pix: Line Art Colorization Using Text Tag With SECat and Changing Loss,0,0
iccv-2019-909,Free-Form Video Inpainting With 3D Gated Convolution and Temporal PatchGAN,0,0
iccv-2019-910,TextDragon: An End-to-End Framework for Arbitrary Shaped Text Spotting,0,0
iccv-2019-911,Chinese Street View Text: Large-Scale Chinese Text Reading With Partially Supervised Learning,0,0
iccv-2019-912,Deep Floor Plan Recognition Using a Multi-Task Network With Room-Boundary-Guided Attention,0,0
iccv-2019-913,GA-DAN: Geometry-Aware Domain Adaptation Network for Scene Text Detection and Recognition,0,0
iccv-2019-914,Large-Scale Tag-Based Font Retrieval With Generative Feature Learning,0,0
iccv-2019-915,Convolutional Character Networks,0,0
iccv-2019-916,Geometry Normalization Networks for Accurate Scene Text Detection,0,0
iccv-2019-917,Symmetry-Constrained Rectification Network for Scene Text Recognition,0,0
iccv-2019-918,YOLACT: Real-Time Instance Segmentation,0,0
iccv-2019-919,Expectation-Maximization Attention Networks for Semantic Segmentation,0,0
iccv-2019-920,Multi-Class Part Parsing With Joint Boundary-Semantic Awareness,0,0
iccv-2019-921,Explaining Neural Networks Semantically and Quantitatively,0,0
iccv-2019-922,PANet: Few-Shot Image Semantic Segmentation With Prototype Alignment,0,0
iccv-2019-923,ShapeMask: Learning to Segment Novel Objects by Refining Shape Priors,0,0
iccv-2019-924,Sequence Level Semantics Aggregation for Video Object Detection,0,0
iccv-2019-925,Video Object Segmentation Using Space-Time Memory Networks,0,0
iccv-2019-926,Zero-Shot Video Object Segmentation via Attentive Graph Neural Networks,0,0
iccv-2019-927,MeteorNet: Deep Learning on Dynamic 3D Point Cloud Sequences,0,0
iccv-2019-928,3D Instance Segmentation via Multi-Task Metric Learning,0,0
iccv-2019-929,DeepGCNs: Can GCNs Go As Deep As CNNs?,0,0
iccv-2019-930,Deep Hough Voting for 3D Object Detection in Point Clouds,0,0
iccv-2019-931,M3D-RPN: Monocular 3D Region Proposal Network for Object Detection,0,0
iccv-2019-932,SemanticKITTI: A Dataset for Semantic Scene Understanding of LiDAR Sequences,0,0
iccv-2019-933,"WoodScape: A Multi-Task, Multi-Camera Fisheye Dataset for Autonomous Driving",0,0
iccv-2019-934,Scalable Place Recognition Under Appearance Change for Autonomous Driving,0,0
iccv-2019-935,Exploring the Limitations of Behavior Cloning for Autonomous Driving,0,0
iccv-2019-936,Habitat: A Platform for Embodied AI Research,0,0
iccv-2019-937,Towards Interpretable Face Recognition,0,0
iccv-2019-938,Co-Mining: Deep Face Recognition With Noisy Labels,0,0
iccv-2019-939,Few-Shot Adaptive Gaze Estimation,0,0
iccv-2019-940,Live Face De-Identification in Video,0,0
iccv-2019-941,Face Video Deblurring Using 3D Facial Priors,0,0
iccv-2019-942,Semi-Supervised Monocular 3D Face Reconstruction With End-to-End Shape-Preserved Domain Transfer,0,0
iccv-2019-943,3D Face Modeling From Diverse Raw Scan Data,0,0
iccv-2019-944,A Decoupled 3D Facial Shape Model by Adversarial Training,0,0
iccv-2019-945,Photo-Realistic Facial Details Synthesis From Single Image,0,0
iccv-2019-946,S2GAN: Share Aging Factors Across Ages and Share Aging Trends Among Individuals,0,0
iccv-2019-947,PuppetGAN: Cross-Domain Image Manipulation by Demonstration,0,0
iccv-2019-948,Few-Shot Adversarial Learning of Realistic Neural Talking Head Models,0,0
iccv-2019-949,Pose-Aware Multi-Level Feature Network for Human Object Interaction Detection,0,0
iccv-2019-950,TRB: A Novel Triplet Representation for Understanding 2D Human Body,0,0
iccv-2019-951,Learning Trajectory Dependencies for Human Motion Prediction,0,0
iccv-2019-952,Cross-Domain Adaptation for Animal Pose Estimation,0,0
iccv-2019-953,NOTE-RCNN: NOise Tolerant Ensemble RCNN for Semi-Supervised Object Detection,0,0
iccv-2019-954,Unsupervised Out-of-Distribution Detection by Maximum Classifier Discrepancy,0,0
iccv-2019-955,SBSGAN: Suppression of Inter-Domain Background Shift for Person Re-Identification,0,0
iccv-2019-956,Enriched Feature Guided Refinement Network for Object Detection,0,0
iccv-2019-957,Deep Meta Metric Learning,0,0
iccv-2019-958,Discriminative Feature Transformation for Occluded Pedestrian Detection,0,0
iccv-2019-959,Contextual Attention for Hand Detection in the Wild,0,0
iccv-2019-960,Meta R-CNN: Towards General Solver for Instance-Level Low-Shot Learning,0,0
iccv-2019-961,Pyramid Graph Networks With Connection Attentions for Region-Based One-Shot Semantic Segmentation,0,0
iccv-2019-962,Presence-Only Geographical Priors for Fine-Grained Image Classification,0,0
iccv-2019-963,POD: Practical Object Detection With Scale-Sensitive Network,0,0
iccv-2019-964,Human Uncertainty Makes Classification More Robust,0,0
iccv-2019-965,FCOS: Fully Convolutional One-Stage Object Detection,0,0
iccv-2019-966,Self-Critical Attention Learning for Person Re-Identification,0,0
iccv-2019-967,Temporal Knowledge Propagation for Image-to-Video Person Re-Identification,0,0
iccv-2019-968,RepPoints: Point Set Representation for Object Detection,0,0
iccv-2019-969,SegEQA: Video Segmentation Based Visual Attention for Embodied Question Answering,0,0
iccv-2019-970,"No-Frills Human-Object Interaction Detection: Factorization, Layout Encodings, and Training Techniques",0,0
iccv-2019-971,Cap2Det: Learning to Amplify Weak Caption Supervision for Object Detection,0,0
iccv-2019-972,No Fear of the Dark: Image Retrieval Under Varying Illumination Conditions,0,0
iccv-2019-973,Hierarchical Shot Detector,0,0
iccv-2019-974,Few-Shot Learning With Global Class Representations,0,0
iccv-2019-975,"Better to Follow, Follow to Be Better: Towards Precise Supervision of Feature Super-Resolution for Small Object Detection",0,0
iccv-2019-976,Weakly Supervised Object Detection With Segmentation Collaboration,0,0
iccv-2019-977,AutoFocus: Efficient Multi-Scale Inference,0,0
iccv-2019-978,Leveraging Long-Range Temporal Relationships Between Proposals for Video Object Detection,0,0
iccv-2019-979,Transferable Contrastive Network for Generalized Zero-Shot Learning,0,0
iccv-2019-980,Fast Point R-CNN,0,0
iccv-2019-981,Mesh R-CNN,0,0
iccv-2019-982,Deep Supervised Hashing With Anchor Graph,0,0
iccv-2019-983,Detecting 11K Classes: Large Scale Object Detection Without Fine-Grained Bounding Boxes,0,0
iccv-2019-984,Re-ID Driven Localization Refinement for Person Search,0,0
iccv-2019-985,Hierarchical Encoding of Sequential Data With Compact and Sub-Linear Storage Cost,0,0
iccv-2019-986,C-MIDN: Coupled Multiple Instance Detection Network With Segmentation Guidance for Weakly Supervised Object Detection,0,0
iccv-2019-987,Learning Feature-to-Feature Translator by Alternating Back-Propagation for Generative Zero-Shot Learning,0,0
iccv-2019-988,Deep Constrained Dominant Sets for Person Re-Identification,0,0
iccv-2019-989,Invariant Information Clustering for Unsupervised Image Classification and Segmentation,0,0
iccv-2019-990,Subspace Structure-Aware Spectral Clustering for Robust Subspace Clustering,0,0
iccv-2019-991,Order-Preserving Wasserstein Discriminant Analysis,0,0
iccv-2019-992,LayoutVAE: Stochastic Scene Layout Generation From a Label Set,0,0
iccv-2019-993,Robust Variational Bayesian Point Set Registration,0,0
iccv-2019-994,Is an Affine Constraint Needed for Affine Subspace Clustering?,0,0
iccv-2019-995,Meta-Learning to Detect Rare Objects,0,0
iccv-2019-996,New Convex Relaxations for MRF Inference With Unknown Graphs,0,0
iccv-2019-997,Cluster Alignment With a Teacher for Unsupervised Domain Adaptation,0,0
iccv-2019-998,Analyzing the Variety Loss in the Context of Probabilistic Trajectory Prediction,0,0
iccv-2019-999,Deep Mesh Reconstruction From Single RGB Images via Topology Modification Networks,0,0
iccv-2019-1000,UprightNet: Geometry-Aware Camera Orientation Estimation From Single Images,0,0
iccv-2019-1001,Escaping Plato's Cave: 3D Shape From Adversarial Rendering,0,0
iccv-2019-1002,Deep End-to-End Alignment and Refinement for Time-of-Flight RGB-D Module,0,0
iccv-2019-1003,GEOBIT: A Geodesic-Based Binary Descriptor Invariant to Non-Rigid Deformations for RGB-D Images,0,0
iccv-2019-1004,CDTB: A Color and Depth Visual Object Tracking Dataset and Benchmark,0,0
iccv-2019-1005,Learning Joint 2D-3D Representations for Depth Completion,0,0
iccv-2019-1006,Make a Face: Towards Arbitrary High Fidelity Face Manipulation,0,0
iccv-2019-1007,M2FPA: A Multi-Yaw Multi-Pitch High-Quality Dataset and Benchmark for Facial Pose Analysis,0,0
iccv-2019-1008,Fair Loss: Margin-Aware Reinforcement Learning for Deep Face Recognition,0,0
iccv-2019-1009,Face De-Occlusion Using 3D Morphable Model and Generative Adversarial Network,0,0
iccv-2019-1010,Detecting Photoshopped Faces by Scripting Photoshop,0,0
iccv-2019-1011,Ego-Pose Estimation and Forecasting As Real-Time PD Control,0,0
iccv-2019-1012,End-to-End Learning for Graph Decomposition,0,0
iccv-2019-1013,Laplace Landmark Localization,0,0
iccv-2019-1014,Through-Wall Human Mesh Recovery Using Radio Signals,0,0
iccv-2019-1015,Discriminatively Learned Convex Models for Set Based Face Recognition,0,0
iccv-2019-1016,Camera Distance-Aware Top-Down Approach for 3D Multi-Person Pose Estimation From a Single RGB Image,0,0
iccv-2019-1017,Context-Aware Emotion Recognition Networks,0,0
iccv-2019-1018,Deep Head Pose Estimation Using Synthetic Images and Partial Adversarial Domain Adaption for Continuous Label Spaces,0,0
iccv-2019-1019,Flare in Interference-Based Hyperspectral Cameras,0,0
iccv-2019-1020,Computational Hyperspectral Imaging Based on Dimension-Discriminative Low-Rank Tensor Recovery,0,0
iccv-2019-1021,Deep Optics for Monocular Depth Estimation and 3D Object Detection,0,0
iccv-2019-1022,Physics-Based Rendering for Improving Robustness to Rain,0,0
iccv-2019-1023,ARGAN: Attentive Recurrent Generative Adversarial Network for Shadow Detection and Removal,0,0
iccv-2019-1024,Deep Tensor ADMM-Net for Snapshot Compressive Imaging,0,0
iccv-2019-1025,Convex Relaxations for Consensus and Non-Minimal Problems in 3D Vision,0,0
iccv-2019-1026,Pareto Meets Huber: Efficiently Avoiding Poor Minima in Robust Estimation,0,0
iccv-2019-1027,K-Best Transformation Synchronization,0,0
iccv-2019-1028,Parametric Majorization for Data-Driven Energy Minimization Methods,0,0
iccv-2019-1029,A Bayesian Optimization Framework for Neural Network Compression,0,0
iccv-2019-1030,HiPPI: Higher-Order Projected Power Iterations for Scalable Multi-Matching,0,0
iccv-2019-1031,Language-Conditioned Graph Networks for Relational Reasoning,0,0
iccv-2019-1032,"Tell, Draw, and Repeat: Generating and Modifying Images Based on Continual Linguistic Instruction",0,0
iccv-2019-1033,Relation-Aware Graph Attention Network for Visual Question Answering,0,0
iccv-2019-1034,Unpaired Image Captioning via Scene Graph Alignments,0,0
iccv-2019-1035,Modeling Inter and Intra-Class Relations in the Triplet Loss for Zero-Shot Learning,0,0
iccv-2019-1036,Occlusion-Shared and Feature-Separated Network for Occlusion Relationship Reasoning,0,0
iccv-2019-1037,Mixture-Kernel Graph Attention Network for Situation Recognition,0,0
iccv-2019-1038,Learning Similarity Conditions Without Explicit Supervision,0,0
iccv-2019-1039,Joint Prediction for Kinematic Trajectories in Vehicle-Pedestrian-Mixed Scenes,0,0
iccv-2019-1040,Learning to Caption Images Through a Lifetime by Asking Questions,0,0
iccv-2019-1041,VrR-VG: Refocusing Visually-Relevant Relationships,0,0
iccv-2019-1042,TAPA-MVS: Textureless-Aware PAtchMatch Multi-View Stereo,0,0
iccv-2019-1043,U4D: Unsupervised 4D Dynamic Scene Understanding,0,0
iccv-2019-1044,Hierarchical Point-Edge Interaction Network for Point Cloud Semantic Segmentation,0,0
iccv-2019-1045,Multi-Angle Point Cloud-VAE: Unsupervised Feature Learning for 3D Point Clouds From Multiple Angles by Joint Self-Reconstruction and Half-to-Half Prediction,0,0
iccv-2019-1046,P-MVSNet: Learning Patch-Wise Matching Confidence Aggregation for Multi-View Stereo,0,0
iccv-2019-1047,SME-Net: Sparse Motion Estimation for Parametric Video Prediction Through Reinforcement Learning,0,0
iccv-2019-1048,ClothFlow: A Flow-Based Model for Clothed Person Generation,0,0
iccv-2019-1049,LADN: Local Adversarial Disentangling Network for Facial Makeup and De-Makeup,0,0
iccv-2019-1050,Point-to-Point Video Generation,0,0
iccv-2019-1051,Semantics-Enhanced Adversarial Nets for Text-to-Image Synthesis,0,0
iccv-2019-1052,VTNFP: An Image-Based Virtual Try-On Network With Body and Clothing Feature Preservation,0,0
iccv-2019-1053,Boundless: Generative Adversarial Networks for Image Extension,0,0
iccv-2019-1054,Image Synthesis From Reconfigurable Layout and Style,0,0
iccv-2019-1055,Attribute Manipulation Generative Adversarial Networks for Fashion Images,0,0
iccv-2019-1056,Few-Shot Unsupervised Image-to-Image Translation,0,0
iccv-2019-1057,Very Long Natural Scenery Image Prediction by Outpainting,0,0
iccv-2019-1058,Scaling Recurrent Models via Orthogonal Approximations in Tensor Trains,0,0
iccv-2019-1059,A Deep Cybersickness Predictor Based on Brain Signal Analysis for Virtual Reality Contents,0,0
iccv-2019-1060,Learning With Unsure Data for Medical Image Diagnosis,0,0
iccv-2019-1061,Recursive Cascaded Networks for Unsupervised Medical Image Registration,0,0
iccv-2019-1062,DUAL-GLOW: Conditional Flow-Based Generative Model for Modality Transfer,0,0
iccv-2019-1063,Dilated Convolutional Neural Networks for Sequential Manifold-Valued Data,0,0
iccv-2019-1064,"Align, Attend and Locate: Chest X-Ray Diagnosis via Contrast Induced Attention Network With Limited Supervision",0,0
iccv-2019-1065,Joint Acne Image Grading and Counting via Label Distribution Learning,0,0
iccv-2019-1066,An Alarm System for Segmentation Algorithm Based on Shape Model,0,0
iccv-2019-1067,HistoSegNet: Semantic Segmentation of Histological Tissue Type in Whole Slide Images,0,0
iccv-2019-1068,Prior-Aware Neural Network for Partially-Supervised Multi-Organ Segmentation,0,0
iccv-2019-1069,CAMEL: A Weakly Supervised Learning Framework for Histopathology Image Segmentation,0,0
iccv-2019-1070,Conditional Recurrent Flow: Conditional Generation of Longitudinal Samples With Applications to Neuroimaging,0,0
iccv-2019-1071,Multi-Stage Pathological Image Classification Using Semantic Segmentation,0,0
iccv-2019-1072,Semantic-Transferable Weakly-Supervised Endoscopic Lesions Segmentation,0,0
iccv-2019-1073,Unsupervised Microvascular Image Segmentation Using an Active Contours Mimicking Neural Network,0,0
iccv-2019-1074,GLAMpoints: Greedily Learned Accurate Match Points,0,0
